entity,value,variation,sector,gov_level,subgroup,account,plan,objective,program,project
CONCEJO,41227063000,0.0921212553,Otras Entidades Distritales,Administración Central,Gastos de funcionamiento,Servicios personales,Servicios personales asociados a la nómina,,,
CONCEJO,13931264000,0.0855319204,Otras Entidades Distritales,Administración Central,Gastos de funcionamiento,Servicios personales,Aportes patronales al sector privado y público,,,
PERSONERÍA,63003109000,0.0495758165,Otras Entidades Distritales,Administración Central,Gastos de funcionamiento,Servicios personales,Servicios personales asociados a la nómina,,,
PERSONERÍA,9653000000,2.7126923077,Otras Entidades Distritales,Administración Central,Gastos de funcionamiento,Servicios personales,Servicios personales indirectos,,,
PERSONERÍA,21710568000,0.077151073,Otras Entidades Distritales,Administración Central,Gastos de funcionamiento,Servicios personales,Aportes patronales al sector privado y público,,,
PERSONERÍA,1812254000,0.0641538462,Otras Entidades Distritales,Administración Central,Gastos de funcionamiento,Gastos generales,Adquisición de bienes,,,
PERSONERÍA,7000140000,0.1712579058,Otras Entidades Distritales,Administración Central,Gastos de funcionamiento,Gastos generales,Adquisición de servicios,,,
PERSONERÍA,6300000,0.26,Otras Entidades Distritales,Administración Central,Gastos de funcionamiento,Gastos generales,Otros gastos generales,,,
PERSONERÍA,4900000000,0.4498757249,Otras Entidades Distritales,Administración Central,Inversión,Directa,Bogotá Humana,Una Bogotá que defiende y fortalece lo público,"Transparencia, probidad, lucha contra la corrupción y control social efectivo e incluyente",
PERSONERÍA,2100000000,-0.6246162371,Otras Entidades Distritales,Administración Central,Inversión,Directa,Bogotá Humana,Una Bogotá que defiende y fortalece lo público,Fortalecimiento de la función administrativa y  desarrollo institucional,
SECRETARÍA GENERAL,37931070000,0.0541037899,Gestión Pública,Administración Central,Gastos de funcionamiento,Servicios personales,Servicios personales asociados a la nómina,,,
SECRETARÍA GENERAL,680000000,0.0303030303,Gestión Pública,Administración Central,Gastos de funcionamiento,Servicios personales,Servicios personales indirectos,,,
SECRETARÍA GENERAL,12927329000,0.0583512736,Gestión Pública,Administración Central,Gastos de funcionamiento,Servicios personales,Aportes patronales al sector privado y público,,,
SECRETARÍA GENERAL,1973500000,-0.0323608728,Gestión Pública,Administración Central,Gastos de funcionamiento,Gastos generales,Adquisición de bienes,,,
SECRETARÍA GENERAL,21924000000,0.0437862723,Gestión Pública,Administración Central,Gastos de funcionamiento,Gastos generales,Adquisición de servicios,,,
SECRETARÍA GENERAL,4000000,0.3333333333,Gestión Pública,Administración Central,Gastos de funcionamiento,Gastos generales,Otros gastos generales,,,
SECRETARÍA GENERAL,18682070000,-0.1505292689,Gestión Pública,Administración Central,Inversión,Directa,Bogotá Humana,Una ciudad que supera la segregación y la discriminación: el ser humano en el centro de las preocupaciones del desarrollo,Bogotá humana por la dignidad de las víctimas,
SECRETARÍA GENERAL,1707000000,-0.1015789474,Gestión Pública,Administración Central,Inversión,Directa,Bogotá Humana,Una Bogotá que defiende y fortalece lo público,"Transparencia, probidad, lucha contra la corrupción y control social efectivo e incluyente",
SECRETARÍA GENERAL,6317930000,-0.0291160832,Gestión Pública,Administración Central,Inversión,Directa,Bogotá Humana,Una Bogotá que defiende y fortalece lo público,"Bogotá, ciudad de memoria, paz y reconciliación",
SECRETARÍA GENERAL,48331000000,-0.202080814,Gestión Pública,Administración Central,Inversión,Directa,Bogotá Humana,Una Bogotá que defiende y fortalece lo público,Fortalecimiento de la función administrativa y  desarrollo institucional,
SECRETARÍA GENERAL,25000000000,-0.1228070175,Gestión Pública,Administración Central,Inversión,Directa,Bogotá Humana,Una Bogotá que defiende y fortalece lo público,"TIC para gobierno digital, ciudad inteligente y sociedad del conocimiento y del emprendimiento ",
SECRETARÍA GENERAL,4000000000,0.8181818182,Gestión Pública,Administración Central,Inversión,Directa,Bogotá Humana,Una Bogotá que defiende y fortalece lo público,Bogotá Humana internacional ,
VEEDURÍA,6592439000,0.0392520091,Otras Entidades Distritales,Administración Central,Gastos de funcionamiento,Servicios personales,Servicios personales asociados a la nómina,,,
VEEDURÍA,5951000000,0.0335724334,Otras Entidades Distritales,Administración Central,Gastos de funcionamiento,Servicios personales,Servicios personales indirectos,,,
VEEDURÍA,2245950000,0.0388874498,Otras Entidades Distritales,Administración Central,Gastos de funcionamiento,Servicios personales,Aportes patronales al sector privado y público,,,
VEEDURÍA,299000000,-0.0134552821,Otras Entidades Distritales,Administración Central,Gastos de funcionamiento,Gastos generales,Adquisición de bienes,,,
VEEDURÍA,1288500000,0.018737335,Otras Entidades Distritales,Administración Central,Gastos de funcionamiento,Gastos generales,Adquisición de servicios,,,
VEEDURÍA,1100000,0.067961165,Otras Entidades Distritales,Administración Central,Gastos de funcionamiento,Gastos generales,Otros gastos generales,,,
VEEDURÍA,1187719000,0,Otras Entidades Distritales,Administración Central,Inversión,Directa,Bogotá Humana,Una Bogotá que defiende y fortalece lo público,"Transparencia, probidad, lucha contra la corrupción y control social efectivo e incluyente",
SECRETARÍA DISTRITAL DE GOBIERNO,61354517000,0.0477308827,"Gobierno, Seguridad y Convivencia",Administración Central,Gastos de funcionamiento,Servicios personales,Servicios personales asociados a la nómina,,,
SECRETARÍA DISTRITAL DE GOBIERNO,512000000,0.0281124498,"Gobierno, Seguridad y Convivencia",Administración Central,Gastos de funcionamiento,Servicios personales,Servicios personales indirectos,,,
SECRETARÍA DISTRITAL DE GOBIERNO,22135913000,0.0584618876,"Gobierno, Seguridad y Convivencia",Administración Central,Gastos de funcionamiento,Servicios personales,Aportes patronales al sector privado y público,,,
SECRETARÍA DISTRITAL DE GOBIERNO,2929279000,-0.0056758316,"Gobierno, Seguridad y Convivencia",Administración Central,Gastos de funcionamiento,Gastos generales,Adquisición de bienes,,,
SECRETARÍA DISTRITAL DE GOBIERNO,7492729000,0.1792145105,"Gobierno, Seguridad y Convivencia",Administración Central,Gastos de funcionamiento,Gastos generales,Adquisición de servicios,,,
SECRETARÍA DISTRITAL DE GOBIERNO,102000000,0.9615384615,"Gobierno, Seguridad y Convivencia",Administración Central,Gastos de funcionamiento,Gastos generales,Otros gastos generales,,,
SECRETARÍA DISTRITAL DE GOBIERNO,2112706000,0.0060504762,"Gobierno, Seguridad y Convivencia",Administración Central,Inversión,Directa,Bogotá Humana,Una ciudad que supera la segregación y la discriminación: el ser humano en el centro de las preocupaciones del desarrollo,"Lucha contral distintos tipos de discriminación y violencias por condición,  situación, identidad, diferencia, diversidad o etapa del ciclo vital",
SECRETARÍA DISTRITAL DE GOBIERNO,14498763000,0.9726208163,"Gobierno, Seguridad y Convivencia",Administración Central,Inversión,Directa,Bogotá Humana,Una ciudad que supera la segregación y la discriminación: el ser humano en el centro de las preocupaciones del desarrollo,"Bogotá un territorio que defiende, protege y promueve los derechos humanos",
SECRETARÍA DISTRITAL DE GOBIERNO,5359730000,-0.487107177,"Gobierno, Seguridad y Convivencia",Administración Central,Inversión,Directa,Bogotá Humana,Una Bogotá que defiende y fortalece lo público,Fortalecimiento de las capacidades de gestión y coordinación del nivel central y las localidades desde los territorios,
SECRETARÍA DISTRITAL DE GOBIERNO,315353000,-0.369294,"Gobierno, Seguridad y Convivencia",Administración Central,Inversión,Directa,Bogotá Humana,Una Bogotá que defiende y fortalece lo público,"Transparencia, probidad, lucha contra la corrupción y control social efectivo e incluyente",
SECRETARÍA DISTRITAL DE GOBIERNO,48511966000,1.2644805116,"Gobierno, Seguridad y Convivencia",Administración Central,Inversión,Directa,Bogotá Humana,Una Bogotá que defiende y fortalece lo público,Territorios de vida y paz con prevención del delito,
SECRETARÍA DISTRITAL DE GOBIERNO,2046923000,-0.1645212245,"Gobierno, Seguridad y Convivencia",Administración Central,Inversión,Directa,Bogotá Humana,Una Bogotá que defiende y fortalece lo público,Fortalecimiento de la seg uridad ciudadana,
SECRETARÍA DISTRITAL DE GOBIERNO,9789268000,-0.0111850505,"Gobierno, Seguridad y Convivencia",Administración Central,Inversión,Directa,Bogotá Humana,Una Bogotá que defiende y fortalece lo público,Fortalecimiento de la función administrativa y  desarrollo institucional,
SECRETARÍA DISTRITAL DE GOBIERNO,3313291000,-0.1505549494,"Gobierno, Seguridad y Convivencia",Administración Central,Inversión,Directa,Bogotá Humana,Una Bogotá que defiende y fortalece lo público,"TIC para gobierno digital, ciudad inteligente y sociedad del conocimiento y del emprendimiento ",
SECRETARÍA DISTRITAL DE GOBIERNO,90925000,none,"Gobierno, Seguridad y Convivencia",Administración Central,Inversión,Pagos exigibles,Pagos exigibles,,,
SECRETARÍA DISTRITAL DE HACIENDA,82433130000,0.0660030499,Hacienda,Administración Central,Gastos de funcionamiento,Servicios personales,Servicios personales asociados a la nómina,,,
SECRETARÍA DISTRITAL DE HACIENDA,16320100000,-0.1428518908,Hacienda,Administración Central,Gastos de funcionamiento,Servicios personales,Servicios personales indirectos,,,
SECRETARÍA DISTRITAL DE HACIENDA,27956334000,0.0658604767,Hacienda,Administración Central,Gastos de funcionamiento,Servicios personales,Aportes patronales al sector privado y público,,,
SECRETARÍA DISTRITAL DE HACIENDA,8397700000,0.0287516844,Hacienda,Administración Central,Gastos de funcionamiento,Gastos generales,Adquisición de bienes,,,
SECRETARÍA DISTRITAL DE HACIENDA,25814300000,-0.0008138082,Hacienda,Administración Central,Gastos de funcionamiento,Gastos generales,Adquisición de servicios,,,
SECRETARÍA DISTRITAL DE HACIENDA,134370000,-0.2576243094,Hacienda,Administración Central,Gastos de funcionamiento,Gastos generales,Otros gastos generales,,,
SECRETARÍA DISTRITAL DE HACIENDA,84860248000,0.0258809074,Hacienda,Administración Central,Gastos de funcionamiento,Transferencias para funcionamiento,Otras transferencias,,,
SECRETARÍA DISTRITAL DE HACIENDA,300000000000,none,Hacienda,Administración Central,Servicio de la deuda,Interna,Capital,,,
SECRETARÍA DISTRITAL DE HACIENDA,66034136000,-0.298389936,Hacienda,Administración Central,Servicio de la deuda,Interna,Intereses,,,
SECRETARÍA DISTRITAL DE HACIENDA,5456735000,-0.4686337489,Hacienda,Administración Central,Servicio de la deuda,Interna,Comisiones y otros,,,
SECRETARÍA DISTRITAL DE HACIENDA,78814903000,-0.1406710236,Hacienda,Administración Central,Servicio de la deuda,Externa,Capital,,,
SECRETARÍA DISTRITAL DE HACIENDA,88700487000,0.0598371827,Hacienda,Administración Central,Servicio de la deuda,Externa,Intereses,,,
SECRETARÍA DISTRITAL DE HACIENDA,36979873000,0.413494724,Hacienda,Administración Central,Servicio de la deuda,Externa,Comisiones y otros,,,
SECRETARÍA DISTRITAL DE HACIENDA,1921965000,0.0007107154,Hacienda,Administración Central,Servicio de la deuda,Transferencias servicio de la deuda,Otras transferencias,,,
SECRETARÍA DISTRITAL DE HACIENDA,20000000,-0.3220338983,Hacienda,Administración Central,Inversión,Directa,Bogotá Humana,Una Bogotá que defiende y fortalece lo público,"Transparencia, probidad, lucha contra la corrupción y control social efectivo e incluyente",
SECRETARÍA DISTRITAL DE HACIENDA,21333514000,-0.1813458177,Hacienda,Administración Central,Inversión,Directa,Bogotá Humana,Una Bogotá que defiende y fortalece lo público,Fortalecimiento de la función administrativa y  desarrollo institucional,
SECRETARÍA DISTRITAL DE HACIENDA,6938090000,-0.5041913439,Hacienda,Administración Central,Inversión,Directa,Bogotá Humana,Una Bogotá que defiende y fortalece lo público,"TIC para gobierno digital, ciudad inteligente y sociedad del conocimiento y del emprendimiento ",
SECRETARÍA DISTRITAL DE HACIENDA,4767431908000,1.1413061812,Hacienda,Administración Central,Inversión,Transferencias para inversión,Otras transferencias,,,
SECRETARÍA DISTRITAL DE EDUCACIÓN,44063909000,0.052411837,Educación,Administración Central,Gastos de funcionamiento,Servicios personales,Servicios personales asociados a la nómina,,,
SECRETARÍA DISTRITAL DE EDUCACIÓN,2474190000,0.0300000916,Educación,Administración Central,Gastos de funcionamiento,Servicios personales,Servicios personales indirectos,,,
SECRETARÍA DISTRITAL DE EDUCACIÓN,14861763000,0.0564367431,Educación,Administración Central,Gastos de funcionamiento,Servicios personales,Aportes patronales al sector privado y público,,,
SECRETARÍA DISTRITAL DE EDUCACIÓN,2707994000,-0.1058523874,Educación,Administración Central,Gastos de funcionamiento,Gastos generales,Adquisición de bienes,,,
SECRETARÍA DISTRITAL DE EDUCACIÓN,23286761000,0.2546238565,Educación,Administración Central,Gastos de funcionamiento,Gastos generales,Adquisición de servicios,,,
SECRETARÍA DISTRITAL DE EDUCACIÓN,5100000,-0.0048780488,Educación,Administración Central,Gastos de funcionamiento,Gastos generales,Otros gastos generales,,,
SECRETARÍA DISTRITAL DE EDUCACIÓN,150590000000,-0.2970659278,Educación,Administración Central,Inversión,Directa,Bogotá Humana,Una ciudad que supera la segregación y la discriminación: el ser humano en el centro de las preocupaciones del desarrollo,Garantía del desarrollo integral de la primera infancia,
SECRETARÍA DISTRITAL DE EDUCACIÓN,2968452230000,0.1345461892,Educación,Administración Central,Inversión,Directa,Bogotá Humana,Una ciudad que supera la segregación y la discriminación: el ser humano en el centro de las preocupaciones del desarrollo,"Construcción de saberes, Educación incluyante, diversa y de calidad para dsfrutar y aprender",
SECRETARÍA DISTRITAL DE EDUCACIÓN,300378000,-0.3627445573,Educación,Administración Central,Inversión,Directa,Bogotá Humana,Una Bogotá que defiende y fortalece lo público,"Transparencia, probidad, lucha contra la corrupción y control social efectivo e incluyente",
SECRETARÍA DISTRITAL DE EDUCACIÓN,56507463000,6.8973605895,Educación,Administración Central,Inversión,Pagos exigibles,Pagos exigibles,,,
SECRETARÍA DISTRITAL DE MOVILIDAD,17109713000,-0.0222217689,Movilidad,Administración Central,Gastos de funcionamiento,Servicios personales,Servicios personales asociados a la nómina,,,
SECRETARÍA DISTRITAL DE MOVILIDAD,623000000,0.0246710526,Movilidad,Administración Central,Gastos de funcionamiento,Servicios personales,Servicios personales indirectos,,,
SECRETARÍA DISTRITAL DE MOVILIDAD,5849274000,-0.020102783,Movilidad,Administración Central,Gastos de funcionamiento,Servicios personales,Aportes patronales al sector privado y público,,,
SECRETARÍA DISTRITAL DE MOVILIDAD,722000000,-0.0013831259,Movilidad,Administración Central,Gastos de funcionamiento,Gastos generales,Adquisición de bienes,,,
SECRETARÍA DISTRITAL DE MOVILIDAD,6616000000,0.0025512322,Movilidad,Administración Central,Gastos de funcionamiento,Gastos generales,Adquisición de servicios,,,
SECRETARÍA DISTRITAL DE MOVILIDAD,2109700000,0.3978003048,Movilidad,Administración Central,Gastos de funcionamiento,Gastos generales,Otros gastos generales,,,
SECRETARÍA DISTRITAL DE MOVILIDAD,161023342000,0.0678627764,Movilidad,Administración Central,Inversión,Directa,Bogotá Humana,Un territorio que enfrenta el cambio climático y se ordena alrededor del agua,Movilidad Humana,
SECRETARÍA DISTRITAL DE MOVILIDAD,220500000,0.1307692308,Movilidad,Administración Central,Inversión,Directa,Bogotá Humana,Una Bogotá que defiende y fortalece lo público,"Transparencia, probidad, lucha contra la corrupción y control social efectivo e incluyente",
SECRETARÍA DISTRITAL DE MOVILIDAD,64042102000,1.7170058492,Movilidad,Administración Central,Inversión,Directa,Bogotá Humana,Una Bogotá que defiende y fortalece lo público,Fortalecimiento de la función administrativa y  desarrollo institucional,
SECRETARÍA DISTRITAL DE MOVILIDAD,39539690000,2.0117173787,Movilidad,Administración Central,Inversión,Pagos exigibles,Pagos exigibles,,,
SECRETARÍA DISTRITAL DE SALUD,38929251000,0.039949606,Salud,Administración Central,Gastos de funcionamiento,Servicios personales,Servicios personales asociados a la nómina,,,
SECRETARÍA DISTRITAL DE SALUD,1300000000,0.0755944314,Salud,Administración Central,Gastos de funcionamiento,Servicios personales,Servicios personales indirectos,,,
SECRETARÍA DISTRITAL DE SALUD,13319954000,0.0339833944,Salud,Administración Central,Gastos de funcionamiento,Servicios personales,Aportes patronales al sector privado y público,,,
SECRETARÍA DISTRITAL DE DESARROLLO ECONÓMICO,6577985000,0.0501291751,"Desarrollo Económico, Industria y Turismo",Administración Central,Gastos de funcionamiento,Servicios personales,Servicios personales asociados a la nómina,,,
SECRETARÍA DISTRITAL DE DESARROLLO ECONÓMICO,2250313000,0.0495892246,"Desarrollo Económico, Industria y Turismo",Administración Central,Gastos de funcionamiento,Servicios personales,Aportes patronales al sector privado y público,,,
SECRETARÍA DISTRITAL DE DESARROLLO ECONÓMICO,193000000,0.5463504527,"Desarrollo Económico, Industria y Turismo",Administración Central,Gastos de funcionamiento,Gastos generales,Adquisición de bienes,,,
SECRETARÍA DISTRITAL DE DESARROLLO ECONÓMICO,1823000000,-0.024612092,"Desarrollo Económico, Industria y Turismo",Administración Central,Gastos de funcionamiento,Gastos generales,Adquisición de servicios,,,
SECRETARÍA DISTRITAL DE DESARROLLO ECONÓMICO,2000000,1,"Desarrollo Económico, Industria y Turismo",Administración Central,Gastos de funcionamiento,Gastos generales,Otros gastos generales,,,
SECRETARÍA DISTRITAL DE DESARROLLO ECONÓMICO,4600000000,-0.1488791664,"Desarrollo Económico, Industria y Turismo",Administración Central,Inversión,Directa,Bogotá Humana,Una ciudad que supera la segregación y la discriminación: el ser humano en el centro de las preocupaciones del desarrollo,Soberanía y seguridad alimentaria y nutricional,
SECRETARÍA DISTRITAL DE DESARROLLO ECONÓMICO,2300000000,-0.1098912752,"Desarrollo Económico, Industria y Turismo",Administración Central,Inversión,Directa,Bogotá Humana,Una ciudad que supera la segregación y la discriminación: el ser humano en el centro de las preocupaciones del desarrollo,Ruralidad humana,
SECRETARÍA DISTRITAL DE DESARROLLO ECONÓMICO,3200000000,-0.333866379,"Desarrollo Económico, Industria y Turismo",Administración Central,Inversión,Directa,Bogotá Humana,Una ciudad que supera la segregación y la discriminación: el ser humano en el centro de las preocupaciones del desarrollo,Ciencia tecnología e innovación para avanzar en el desarrollo de la ciudad,
SECRETARÍA DISTRITAL DE DESARROLLO ECONÓMICO,19450000000,-0.0769970048,"Desarrollo Económico, Industria y Turismo",Administración Central,Inversión,Directa,Bogotá Humana,Una ciudad que supera la segregación y la discriminación: el ser humano en el centro de las preocupaciones del desarrollo,"Apoyo a la economía popular, emprendimiento y productividad ",
SECRETARÍA DISTRITAL DE DESARROLLO ECONÓMICO,1786000000,-0.1811613937,"Desarrollo Económico, Industria y Turismo",Administración Central,Inversión,Directa,Bogotá Humana,Una ciudad que supera la segregación y la discriminación: el ser humano en el centro de las preocupaciones del desarrollo,Trabajo decente y digno,
SECRETARÍA DISTRITAL DE DESARROLLO ECONÓMICO,500000000,-0.375,"Desarrollo Económico, Industria y Turismo",Administración Central,Inversión,Directa,Bogotá Humana,Una Bogotá que defiende y fortalece lo público,Bogotá Humana: participa y decide,
SECRETARÍA DISTRITAL DE DESARROLLO ECONÓMICO,5000000,-0.75,"Desarrollo Económico, Industria y Turismo",Administración Central,Inversión,Directa,Bogotá Humana,Una Bogotá que defiende y fortalece lo público,"Transparencia, probidad, lucha contra la corrupción y control social efectivo e incluyente",
SECRETARÍA DISTRITAL DE DESARROLLO ECONÓMICO,5900000000,0.1110146558,"Desarrollo Económico, Industria y Turismo",Administración Central,Inversión,Directa,Bogotá Humana,Una Bogotá que defiende y fortalece lo público,Fortalecimiento de la función administrativa y  desarrollo institucional,
SECRETARÍA DISTRITAL DE DESARROLLO ECONÓMICO,1200000000,0.0494583483,"Desarrollo Económico, Industria y Turismo",Administración Central,Inversión,Directa,Bogotá Humana,Una Bogotá que defiende y fortalece lo público,"TIC para gobierno digital, ciudad inteligente y sociedad del conocimiento y del emprendimiento ",
SECRETARÍA DISTRITAL DEL HABITAT,7436261000,0.0318093035,Hábitat,Administración Central,Gastos de funcionamiento,Servicios personales,Servicios personales asociados a la nómina,,,
SECRETARÍA DISTRITAL DEL HABITAT,2545871000,0.0319875604,Hábitat,Administración Central,Gastos de funcionamiento,Servicios personales,Aportes patronales al sector privado y público,,,
SECRETARÍA DISTRITAL DEL HABITAT,310950000,0.0363549103,Hábitat,Administración Central,Gastos de funcionamiento,Gastos generales,Adquisición de bienes,,,
SECRETARÍA DISTRITAL DEL HABITAT,3613836000,0.0652782244,Hábitat,Administración Central,Gastos de funcionamiento,Gastos generales,Adquisición de servicios,,,
SECRETARÍA DISTRITAL DEL HABITAT,2000000,0,Hábitat,Administración Central,Gastos de funcionamiento,Gastos generales,Otros gastos generales,,,
SECRETARÍA DISTRITAL DEL HABITAT,1268104000,-0.0862750749,Hábitat,Administración Central,Inversión,Directa,Bogotá Humana,Una ciudad que supera la segregación y la discriminación: el ser humano en el centro de las preocupaciones del desarrollo,Ruralidad humana,
SECRETARÍA DISTRITAL DEL HABITAT,149777932000,-0.0255735627,Hábitat,Administración Central,Inversión,Directa,Bogotá Humana,Una ciudad que supera la segregación y la discriminación: el ser humano en el centro de las preocupaciones del desarrollo,Vivienda y hábitat humanos,
SECRETARÍA DISTRITAL DEL HABITAT,566608000,-0.74295705,Hábitat,Administración Central,Inversión,Directa,Bogotá Humana,Una ciudad que supera la segregación y la discriminación: el ser humano en el centro de las preocupaciones del desarrollo,Revitalización del centro ampliado,
SECRETARÍA DISTRITAL DEL HABITAT,7541244000,-0.021592512,Hábitat,Administración Central,Inversión,Directa,Bogotá Humana,Un territorio que enfrenta el cambio climático y se ordena alrededor del agua,Recuperación rehabilitación y restauración de la estructura ecológica principal y de los espacios del agua,
SECRETARÍA DISTRITAL DEL HABITAT,3286964000,2.0583977059,Hábitat,Administración Central,Inversión,Directa,Bogotá Humana,Un territorio que enfrenta el cambio climático y se ordena alrededor del agua,Estrategia territorial regional frente al cambio climático,
SECRETARÍA DISTRITAL DEL HABITAT,249542000,0.0587316874,Hábitat,Administración Central,Inversión,Directa,Bogotá Humana,Una Bogotá que defiende y fortalece lo público,"Transparencia, probidad, lucha contra la corrupción y control social efectivo e incluyente",
SECRETARÍA DISTRITAL DEL HABITAT,7264606000,0.1882687874,Hábitat,Administración Central,Inversión,Directa,Bogotá Humana,Una Bogotá que defiende y fortalece lo público,Fortalecimiento de la función administrativa y  desarrollo institucional,
SECRETARÍA DISTRITAL DEL HABITAT,16761692000,none,Hábitat,Administración Central,Inversión,Pagos exigibles,Pagos exigibles,,,
"SECRETARÍA DISTRITAL DE CULTURA, RECREACIÓN Y DEPORTE",7303980000,0.019866649,"Cultura, Recreación y Deporte",Administración Central,Gastos de funcionamiento,Servicios personales,Servicios personales asociados a la nómina,,,
"SECRETARÍA DISTRITAL DE CULTURA, RECREACIÓN Y DEPORTE",400000000,0,"Cultura, Recreación y Deporte",Administración Central,Gastos de funcionamiento,Servicios personales,Servicios personales indirectos,,,
"SECRETARÍA DISTRITAL DE CULTURA, RECREACIÓN Y DEPORTE",2426451000,0.0033203483,"Cultura, Recreación y Deporte",Administración Central,Gastos de funcionamiento,Servicios personales,Aportes patronales al sector privado y público,,,
"SECRETARÍA DISTRITAL DE CULTURA, RECREACIÓN Y DEPORTE",197600000,-0.2913651263,"Cultura, Recreación y Deporte",Administración Central,Gastos de funcionamiento,Gastos generales,Adquisición de bienes,,,
"SECRETARÍA DISTRITAL DE CULTURA, RECREACIÓN Y DEPORTE",2788000000,0.7716987019,"Cultura, Recreación y Deporte",Administración Central,Gastos de funcionamiento,Gastos generales,Adquisición de servicios,,,
"SECRETARÍA DISTRITAL DE CULTURA, RECREACIÓN Y DEPORTE",1000000,0,"Cultura, Recreación y Deporte",Administración Central,Gastos de funcionamiento,Gastos generales,Otros gastos generales,,,
"SECRETARÍA DISTRITAL DE CULTURA, RECREACIÓN Y DEPORTE",291508000,-0.708492,"Cultura, Recreación y Deporte",Administración Central,Inversión,Directa,Bogotá Humana,Una ciudad que supera la segregación y la discriminación: el ser humano en el centro de las preocupaciones del desarrollo,Garantía del desarrollo integral de la primera infancia,
"SECRETARÍA DISTRITAL DE CULTURA, RECREACIÓN Y DEPORTE",1745390000,0.190539204,"Cultura, Recreación y Deporte",Administración Central,Inversión,Directa,Bogotá Humana,Una ciudad que supera la segregación y la discriminación: el ser humano en el centro de las preocupaciones del desarrollo,"Lucha contral distintos tipos de discriminación y violencias por condición,  situación, identidad, diferencia, diversidad o etapa del ciclo vital",
"SECRETARÍA DISTRITAL DE CULTURA, RECREACIÓN Y DEPORTE",46192564000,0.0266574742,"Cultura, Recreación y Deporte",Administración Central,Inversión,Directa,Bogotá Humana,Una ciudad que supera la segregación y la discriminación: el ser humano en el centro de las preocupaciones del desarrollo,Ejercicio de las libertades culturales y deportivas,
"SECRETARÍA DISTRITAL DE CULTURA, RECREACIÓN Y DEPORTE",3183605000,0.1175837677,"Cultura, Recreación y Deporte",Administración Central,Inversión,Directa,Bogotá Humana,Una Bogotá que defiende y fortalece lo público,Bogotá Humana: participa y decide,
"SECRETARÍA DISTRITAL DE CULTURA, RECREACIÓN Y DEPORTE",196216000,-0.0676448786,"Cultura, Recreación y Deporte",Administración Central,Inversión,Directa,Bogotá Humana,Una Bogotá que defiende y fortalece lo público,"Transparencia, probidad, lucha contra la corrupción y control social efectivo e incluyente",
"SECRETARÍA DISTRITAL DE CULTURA, RECREACIÓN Y DEPORTE",2896578000,-0.1952926233,"Cultura, Recreación y Deporte",Administración Central,Inversión,Directa,Bogotá Humana,Una Bogotá que defiende y fortalece lo público,Fortalecimiento de la función administrativa y  desarrollo institucional,
SECRETARÍA DISTRITAL DE PLANEACIÓN,37226230000,0.0674446449,Planeación,Administración Central,Gastos de funcionamiento,Servicios personales,Servicios personales asociados a la nómina,,,
SECRETARÍA DISTRITAL DE PLANEACIÓN,13000000,-0.981173063,Planeación,Administración Central,Gastos de funcionamiento,Servicios personales,Servicios personales indirectos,,,
SECRETARÍA DISTRITAL DE PLANEACIÓN,12710439000,0.0372278493,Planeación,Administración Central,Gastos de funcionamiento,Servicios personales,Aportes patronales al sector privado y público,,,
SECRETARÍA DISTRITAL DE PLANEACIÓN,2672000000,0.3015099854,Planeación,Administración Central,Gastos de funcionamiento,Gastos generales,Adquisición de bienes,,,
SECRETARÍA DISTRITAL DE PLANEACIÓN,3605000000,-0.036740147,Planeación,Administración Central,Gastos de funcionamiento,Gastos generales,Adquisición de servicios,,,
SECRETARÍA DISTRITAL DE PLANEACIÓN,6000000,-0.5384615385,Planeación,Administración Central,Gastos de funcionamiento,Gastos generales,Otros gastos generales,,,
SECRETARÍA DISTRITAL DE PLANEACIÓN,533465000,-0.6924140937,Planeación,Administración Central,Inversión,Directa,Bogotá Humana,Una ciudad que supera la segregación y la discriminación: el ser humano en el centro de las preocupaciones del desarrollo,"Lucha contral distintos tipos de discriminación y violencias por condición,  situación, identidad, diferencia, diversidad o etapa del ciclo vital",
SECRETARÍA DISTRITAL DE PLANEACIÓN,350000000,1.6160009567,Planeación,Administración Central,Inversión,Directa,Bogotá Humana,Una ciudad que supera la segregación y la discriminación: el ser humano en el centro de las preocupaciones del desarrollo,Ciencia tecnología e innovación para avanzar en el desarrollo de la ciudad,
SECRETARÍA DISTRITAL DE PLANEACIÓN,1911700000,-0.1114104529,Planeación,Administración Central,Inversión,Directa,Bogotá Humana,Una ciudad que supera la segregación y la discriminación: el ser humano en el centro de las preocupaciones del desarrollo,Vivienda y hábitat humanos,
SECRETARÍA DISTRITAL DE PLANEACIÓN,300000000,0.6491127773,Planeación,Administración Central,Inversión,Directa,Bogotá Humana,Una ciudad que supera la segregación y la discriminación: el ser humano en el centro de las preocupaciones del desarrollo,Revitalización del centro ampliado,
SECRETARÍA DISTRITAL DE PLANEACIÓN,4623000000,3.3638732089,Planeación,Administración Central,Inversión,Directa,Bogotá Humana,Un territorio que enfrenta el cambio climático y se ordena alrededor del agua,Estrategia territorial regional frente al cambio climático,
SECRETARÍA DISTRITAL DE PLANEACIÓN,256400000,0.2725449907,Planeación,Administración Central,Inversión,Directa,Bogotá Humana,Un territorio que enfrenta el cambio climático y se ordena alrededor del agua,"Bogotá, territorio en la región",
SECRETARÍA DISTRITAL DE PLANEACIÓN,660000000,-0.3120384925,Planeación,Administración Central,Inversión,Directa,Bogotá Humana,Una Bogotá que defiende y fortalece lo público,Bogotá Humana: participa y decide,
SECRETARÍA DISTRITAL DE PLANEACIÓN,6709232000,0.1332545764,Planeación,Administración Central,Inversión,Directa,Bogotá Humana,Una Bogotá que defiende y fortalece lo público,Fortalecimiento de la función administrativa y  desarrollo institucional,
SECRETARÍA DISTRITAL DE LA MUJER,6582778000,0.0322275023,Mujeres,Administración Central,Gastos de funcionamiento,Servicios personales,Servicios personales asociados a la nómina,,,
SECRETARÍA DISTRITAL DE LA MUJER,228500000,2.7336601307,Mujeres,Administración Central,Gastos de funcionamiento,Servicios personales,Servicios personales indirectos,,,
SECRETARÍA DISTRITAL DE LA MUJER,2260666000,0.0389830158,Mujeres,Administración Central,Gastos de funcionamiento,Servicios personales,Aportes patronales al sector privado y público,,,
SECRETARÍA DISTRITAL DE LA MUJER,485600000,1.9791411043,Mujeres,Administración Central,Gastos de funcionamiento,Gastos generales,Adquisición de bienes,,,
SECRETARÍA DISTRITAL DE LA MUJER,1835400000,0.0191004997,Mujeres,Administración Central,Gastos de funcionamiento,Gastos generales,Adquisición de servicios,,,
SECRETARÍA DISTRITAL DE LA MUJER,4700000,26.1676300578,Mujeres,Administración Central,Gastos de funcionamiento,Gastos generales,Otros gastos generales,,,
SECRETARÍA DISTRITAL DE LA MUJER,22219200000,-0.0754712271,Mujeres,Administración Central,Inversión,Directa,Bogotá Humana,Una ciudad que supera la segregación y la discriminación: el ser humano en el centro de las preocupaciones del desarrollo,Bogotá Humana con igualdad de oportunidades y equidad de género para las mujeres,
SECRETARÍA DISTRITAL DE LA MUJER,50000000,0,Mujeres,Administración Central,Inversión,Directa,Bogotá Humana,Una Bogotá que defiende y fortalece lo público,"Transparencia, probidad, lucha contra la corrupción y control social efectivo e incluyente",
SECRETARÍA DISTRITAL DE LA MUJER,3500000000,none,Mujeres,Administración Central,Inversión,Directa,Bogotá Humana,Una ciudad que supera la segregación y la discriminación: el ser humano en el centro de las preocupaciones del desarrollo,"Lucha contral distintos tipos de discriminación y violencias por condición,  situación, identidad, diferencia, diversidad o etapa del ciclo vital",
SECRETARÍA DISTRITAL DE INTEGRACIÓN SOCIAL,4628021000,0.0582189259,Integración Social,Administración Central,Gastos de funcionamiento,Servicios personales,Servicios personales asociados a la nómina,,,
SECRETARÍA DISTRITAL DE INTEGRACIÓN SOCIAL,0,-1,Integración Social,Administración Central,Gastos de funcionamiento,Servicios personales,Servicios personales indirectos,,,
SECRETARÍA DISTRITAL DE INTEGRACIÓN SOCIAL,1569441000,0.0602282262,Integración Social,Administración Central,Gastos de funcionamiento,Servicios personales,Aportes patronales al sector privado y público,,,
SECRETARÍA DISTRITAL DE INTEGRACIÓN SOCIAL,1326300000,1.2338436663,Integración Social,Administración Central,Gastos de funcionamiento,Gastos generales,Adquisición de bienes,,,
SECRETARÍA DISTRITAL DE INTEGRACIÓN SOCIAL,13394000000,0.0372994095,Integración Social,Administración Central,Gastos de funcionamiento,Gastos generales,Adquisición de servicios,,,
SECRETARÍA DISTRITAL DE INTEGRACIÓN SOCIAL,2000000,0.0015022534,Integración Social,Administración Central,Gastos de funcionamiento,Gastos generales,Otros gastos generales,,,
SECRETARÍA DISTRITAL DE INTEGRACIÓN SOCIAL,877108937000,0.3795501892,Integración Social,Administración Central,Inversión,Directa,Bogotá Humana,Una ciudad que supera la segregación y la discriminación: el ser humano en el centro de las preocupaciones del desarrollo,,
SECRETARÍA DISTRITAL DE INTEGRACIÓN SOCIAL,3030823000,0.2873486714,Integración Social,Administración Central,Inversión,Directa,Bogotá Humana,Un territorio que enfrenta el cambio climático y se ordena alrededor del agua,Gestión integral de riesgos,
SECRETARÍA DISTRITAL DE INTEGRACIÓN SOCIAL,204959782000,0.2995021512,Integración Social,Administración Central,Inversión,Directa,Bogotá Humana,Una Bogotá que defiende y fortalece lo público,,
SECRETARÍA DISTRITAL DE INTEGRACIÓN SOCIAL,2166766000,2.529613183,Integración Social,Administración Central,Inversión,Pagos exigibles,Pagos exigibles,,,
DEPARTAMENTO ADMINISTRATIVO DEL SERVICIO CIVIL - DASCD,4142118000,-0.1345802238,Gestión Pública,Administración Central,Gastos de funcionamiento,Servicios personales,Servicios personales asociados a la nómina,,,
DEPARTAMENTO ADMINISTRATIVO DEL SERVICIO CIVIL - DASCD,80000000,0.6,Gestión Pública,Administración Central,Gastos de funcionamiento,Servicios personales,Servicios personales indirectos,,,
DEPARTAMENTO ADMINISTRATIVO DEL SERVICIO CIVIL - DASCD,1411047000,-0.134672594,Gestión Pública,Administración Central,Gastos de funcionamiento,Servicios personales,Aportes patronales al sector privado y público,,,
DEPARTAMENTO ADMINISTRATIVO DEL SERVICIO CIVIL - DASCD,190000000,0.1377245509,Gestión Pública,Administración Central,Gastos de funcionamiento,Gastos generales,Adquisición de bienes,,,
DEPARTAMENTO ADMINISTRATIVO DEL SERVICIO CIVIL - DASCD,892000000,1.3235217505,Gestión Pública,Administración Central,Gastos de funcionamiento,Gastos generales,Adquisición de servicios,,,
DEPARTAMENTO ADMINISTRATIVO DEL SERVICIO CIVIL - DASCD,500000,1.7777777778,Gestión Pública,Administración Central,Gastos de funcionamiento,Gastos generales,Otros gastos generales,,,
DEPARTAMENTO ADMINISTRATIVO DEL SERVICIO CIVIL - DASCD,100000000,1.2222222222,Gestión Pública,Administración Central,Inversión,Directa,Bogotá Humana,Una Bogotá que defiende y fortalece lo público,"Transparencia, probidad, lucha contra la corrupción y control social efectivo e incluyente",
DEPARTAMENTO ADMINISTRATIVO DEL SERVICIO CIVIL - DASCD,4715000000,1.2668269231,Gestión Pública,Administración Central,Inversión,Directa,Bogotá Humana,Una Bogotá que defiende y fortalece lo público,Fortalecimiento de la función administrativa y  desarrollo institucional,
SECRETARÍA DISTRITAL DE AMBIENTE,10836399000,0.0477013345,Ambiente,Administración Central,Gastos de funcionamiento,Servicios personales,Servicios personales asociados a la nómina,,,
SECRETARÍA DISTRITAL DE AMBIENTE,3260510000,0.051628156,Ambiente,Administración Central,Gastos de funcionamiento,Servicios personales,Servicios personales indirectos,,,
SECRETARÍA DISTRITAL DE AMBIENTE,3727608000,0.0436944622,Ambiente,Administración Central,Gastos de funcionamiento,Servicios personales,Aportes patronales al sector privado y público,,,
SECRETARÍA DISTRITAL DE AMBIENTE,1790700000,0.1580966523,Ambiente,Administración Central,Gastos de funcionamiento,Gastos generales,Adquisición de bienes,,,
SECRETARÍA DISTRITAL DE AMBIENTE,3386600000,0.0836776691,Ambiente,Administración Central,Gastos de funcionamiento,Gastos generales,Adquisición de servicios,,,
SECRETARÍA DISTRITAL DE AMBIENTE,5000000,1.2026431718,Ambiente,Administración Central,Gastos de funcionamiento,Gastos generales,Otros gastos generales,,,
SECRETARÍA DISTRITAL DE AMBIENTE,69114000000,-0.2769695565,Ambiente,Administración Central,Inversión,Directa,Bogotá Humana,Un territorio que enfrenta el cambio climático y se ordena alrededor del agua,,
SECRETARÍA DISTRITAL DE AMBIENTE,8943000000,0.8055249913,Ambiente,Administración Central,Inversión,Directa,Bogotá Humana,Una Bogotá que defiende y fortalece lo público,,
SECRETARÍA DISTRITAL DE AMBIENTE,1182710000,2.2875703262,Ambiente,Administración Central,Inversión,Pagos exigibles,Pagos exigibles,,,
"DEPARTAMENTO ADMINISTRATIVO DE LA DEFENSORÍA
DEL ESPACIO
PUBLICO-DADEP",6182561000,0.1529307182,"Gobierno, Seguridad y Convivencia",Administración Central,Gastos de funcionamiento,Servicios personales,Servicios personales asociados a la nómina,,,
"DEPARTAMENTO ADMINISTRATIVO DE LA DEFENSORÍA
DEL ESPACIO
PUBLICO-DADEP",24000000,-0.9160839161,"Gobierno, Seguridad y Convivencia",Administración Central,Gastos de funcionamiento,Servicios personales,Servicios personales indirectos,,,
"DEPARTAMENTO ADMINISTRATIVO DE LA DEFENSORÍA
DEL ESPACIO
PUBLICO-DADEP",2123161000,0.1548006257,"Gobierno, Seguridad y Convivencia",Administración Central,Gastos de funcionamiento,Servicios personales,Aportes patronales al sector privado y público,,,
"DEPARTAMENTO ADMINISTRATIVO DE LA DEFENSORÍA
DEL ESPACIO
PUBLICO-DADEP",316000000,0.0711864407,"Gobierno, Seguridad y Convivencia",Administración Central,Gastos de funcionamiento,Gastos generales,Adquisición de bienes,,,
"DEPARTAMENTO ADMINISTRATIVO DE LA DEFENSORÍA
DEL ESPACIO
PUBLICO-DADEP",584800000,-0.1340145121,"Gobierno, Seguridad y Convivencia",Administración Central,Gastos de funcionamiento,Gastos generales,Adquisición de servicios,,,
"DEPARTAMENTO ADMINISTRATIVO DE LA DEFENSORÍA
DEL ESPACIO
PUBLICO-DADEP",152000000,294.145631068,"Gobierno, Seguridad y Convivencia",Administración Central,Gastos de funcionamiento,Gastos generales,Otros gastos generales,,,
"DEPARTAMENTO ADMINISTRATIVO DE LA DEFENSORÍA
DEL ESPACIO
PUBLICO-DADEP",26296000000,1.9217777778,"Gobierno, Seguridad y Convivencia",Administración Central,Inversión,Directa,Bogotá Humana,Una Bogotá que defiende y fortalece lo público,,
UNIDAD ADMINISTRATIVA ESPECIAL CUERPO OFICIAL DE BOMBEROS,32521933000,0.150126105,"Gobierno, Seguridad y Convivencia",Administración Central,Gastos de funcionamiento,Servicios personales,Servicios personales asociados a la nómina,,,
UNIDAD ADMINISTRATIVA ESPECIAL CUERPO OFICIAL DE BOMBEROS,0,-1,"Gobierno, Seguridad y Convivencia",Administración Central,Gastos de funcionamiento,Servicios personales,Servicios personales indirectos,,,
UNIDAD ADMINISTRATIVA ESPECIAL CUERPO OFICIAL DE BOMBEROS,10320302000,-0.2047901362,"Gobierno, Seguridad y Convivencia",Administración Central,Gastos de funcionamiento,Servicios personales,Aportes patronales al sector privado y público,,,
UNIDAD ADMINISTRATIVA ESPECIAL CUERPO OFICIAL DE BOMBEROS,1514000000,0.1837835725,"Gobierno, Seguridad y Convivencia",Administración Central,Gastos de funcionamiento,Gastos generales,Adquisición de bienes,,,
UNIDAD ADMINISTRATIVA ESPECIAL CUERPO OFICIAL DE BOMBEROS,5479500000,0.1382426257,"Gobierno, Seguridad y Convivencia",Administración Central,Gastos de funcionamiento,Gastos generales,Adquisición de servicios,,,
UNIDAD ADMINISTRATIVA ESPECIAL CUERPO OFICIAL DE BOMBEROS,15500000,-0.0882352941,"Gobierno, Seguridad y Convivencia",Administración Central,Gastos de funcionamiento,Gastos generales,Otros gastos generales,,,
UNIDAD ADMINISTRATIVA ESPECIAL CUERPO OFICIAL DE BOMBEROS,26829283000,0.0355651845,"Gobierno, Seguridad y Convivencia",Administración Central,Inversión,Directa,Bogotá Humana,Un territorio que enfrenta el cambio climático y se ordena alrededor del agua,Gestión integral de riesgos,
UNIDAD ADMINISTRATIVA ESPECIAL CUERPO OFICIAL DE BOMBEROS,3269304000,-0.4633566065,"Gobierno, Seguridad y Convivencia",Administración Central,Inversión,Directa,Bogotá Humana,Una Bogotá que defiende y fortalece lo público,Fortalecimiento de la función administrativa y  desarrollo institucional,
INSTITUTO PARA LA ECONOMIA SOCIAL - IPES,5199089000,0.0489209655,"Desarrollo Económico, Industria y Turismo",Establecimiento Públicos,Gastos de funcionamiento,Servicios personales,Servicios personales asociados a la nómina,,,
INSTITUTO PARA LA ECONOMIA SOCIAL - IPES,10000000,0,"Desarrollo Económico, Industria y Turismo",Establecimiento Públicos,Gastos de funcionamiento,Servicios personales,Servicios personales indirectos,,,
INSTITUTO PARA LA ECONOMIA SOCIAL - IPES,1783181000,0.0494127299,"Desarrollo Económico, Industria y Turismo",Establecimiento Públicos,Gastos de funcionamiento,Servicios personales,Aportes patronales al sector privado y público,,,
INSTITUTO PARA LA ECONOMIA SOCIAL - IPES,151000000,-0.2052631579,"Desarrollo Económico, Industria y Turismo",Establecimiento Públicos,Gastos de funcionamiento,Gastos generales,Adquisición de bienes,,,
INSTITUTO PARA LA ECONOMIA SOCIAL - IPES,1727000000,0.0608108108,"Desarrollo Económico, Industria y Turismo",Establecimiento Públicos,Gastos de funcionamiento,Gastos generales,Adquisición de servicios,,,
INSTITUTO PARA LA ECONOMIA SOCIAL - IPES,63500000,0,"Desarrollo Económico, Industria y Turismo",Establecimiento Públicos,Gastos de funcionamiento,Gastos generales,Otros gastos generales,,,
INSTITUTO PARA LA ECONOMIA SOCIAL - IPES,13009977000,-0.0811801707,"Desarrollo Económico, Industria y Turismo",Establecimiento Públicos,Inversión,Directa,Bogotá Humana,Una ciudad que supera la segregación y la discriminación: el ser humano en el centro de las preocupaciones del desarrollo,Soberanía y seguridad alimentaria y nutricional,
INSTITUTO PARA LA ECONOMIA SOCIAL - IPES,23153906000,-0.1857742359,"Desarrollo Económico, Industria y Turismo",Establecimiento Públicos,Inversión,Directa,Bogotá Humana,Una ciudad que supera la segregación y la discriminación: el ser humano en el centro de las preocupaciones del desarrollo,"Apoyo a la economía popular, emprendimiento y productividad",
INSTITUTO PARA LA ECONOMIA SOCIAL - IPES,1936322000,-0.4264489826,"Desarrollo Económico, Industria y Turismo",Establecimiento Públicos,Inversión,Directa,Bogotá Humana,Una ciudad que supera la segregación y la discriminación: el ser humano en el centro de las preocupaciones del desarrollo,Trabajo decente y digno,
INSTITUTO PARA LA ECONOMIA SOCIAL - IPES,116643000,-0.107872456,"Desarrollo Económico, Industria y Turismo",Establecimiento Públicos,Inversión,Directa,Bogotá Humana,Una Bogotá que defiende y fortalece lo público,"Transparencia, probidad, lucha contra la corrupción y control social efectivo e incluyente",
INSTITUTO PARA LA ECONOMIA SOCIAL - IPES,1856152000,0.4310334592,"Desarrollo Económico, Industria y Turismo",Establecimiento Públicos,Inversión,Directa,Bogotá Humana,Una Bogotá que defiende y fortalece lo público,Fortalecimiento de la función administrativa y desarrollo institucional,
INSTITUTO PARA LA ECONOMIA SOCIAL - IPES,807300000,1.3870490834,"Desarrollo Económico, Industria y Turismo",Establecimiento Públicos,Inversión,Pasivos exigibles,Pasivos exigibles,,,
FONDO FINANCIERO DISTRITAL DE SALUD - FFDS,19000000,-0.4571428571,Salud,Establecimiento Públicos,Gastos de funcionamiento,Servicios personales,Servicios personales indirectos,,,
FONDO FINANCIERO DISTRITAL DE SALUD - FFDS,1897625000,-0.0227696412,Salud,Establecimiento Públicos,Gastos de funcionamiento,Gastos generales,Adquisición de bienes,,,
FONDO FINANCIERO DISTRITAL DE SALUD - FFDS,10932376000,0.1034557102,Salud,Establecimiento Públicos,Gastos de funcionamiento,Gastos generales,Adquisición de servicios,,,
FONDO FINANCIERO DISTRITAL DE SALUD - FFDS,5353399000,-0.3853026754,Salud,Establecimiento Públicos,Gastos de funcionamiento,Gastos generales,Otros gastos generales,,,
FONDO FINANCIERO DISTRITAL DE SALUD - FFDS,2200000000,0.023255814,Salud,Establecimiento Públicos,Gastos de funcionamiento,Transferencias para funcionamiento,Otras transferencias,,,
FONDO FINANCIERO DISTRITAL DE SALUD - FFDS,2104116281000,-0.0598796295,Salud,Establecimiento Públicos,Inversión,Directa,Bogotá Humana,Una ciudad que supera la segregación y la discriminación: el ser humano en el centro de las preocupaciones del desarrollo,Territorios saludables y red de salud para la Vida desde la diversidad,
FONDO FINANCIERO DISTRITAL DE SALUD - FFDS,2612000000,-0.8012781497,Salud,Establecimiento Públicos,Inversión,Directa,Bogotá Humana,Una ciudad que supera la segregación y la discriminación: el ser humano en el centro de las preocupaciones del desarrollo,Trabajo decente y digno,
FONDO FINANCIERO DISTRITAL DE SALUD - FFDS,25000000000,0.7909190803,Salud,Establecimiento Públicos,Inversión,Directa,Bogotá Humana,Un territorio que enfrenta el cambio climático y se ordena alrededor del agua,Bogotá Humana ambientalmente saludable,
FONDO FINANCIERO DISTRITAL DE SALUD - FFDS,1175321000,1.3273683168,Salud,Establecimiento Públicos,Inversión,Directa,Bogotá Humana,Una Bogotá que defiende y fortalece lo público,"Transparencia, probidad, lucha contra la corrupción y control social efectivo e incluyente",
FONDO FINANCIERO DISTRITAL DE SALUD - FFDS,13498879000,-0.1400344652,Salud,Establecimiento Públicos,Inversión,Directa,Bogotá Humana,Una Bogotá que defiende y fortalece lo público,Bogotá decide y protege el derecho fundamental a la salud pública,
FONDO FINANCIERO DISTRITAL DE SALUD - FFDS,3008735000,-0.1594122687,Salud,Establecimiento Públicos,Inversión,Transferencias para inversión,Otras transferencias,,,
FONDO FINANCIERO DISTRITAL DE SALUD - FFDS,0,-1,Salud,Establecimiento Públicos,Inversión,Pasivos exigibles,Pasivos exigibles,,,
IDIGER antes FOPAE hasta 30/09/14,6573296000,1.7706118465,Ambiente,Establecimiento Públicos,Gastos de funcionamiento,Servicios personales,Servicios personales asociados a la nómina,,,
IDIGER antes FOPAE hasta 30/09/14,2290690000,1.6398132174,Ambiente,Establecimiento Públicos,Gastos de funcionamiento,Servicios personales,Aportes patronales al sector privado y público,,,
IDIGER antes FOPAE hasta 30/09/14,257301000,-0.2337055094,Ambiente,Establecimiento Públicos,Gastos de funcionamiento,Gastos generales,Adquisición de bienes,,,
IDIGER antes FOPAE hasta 30/09/14,1280699000,0.3650204055,Ambiente,Establecimiento Públicos,Gastos de funcionamiento,Gastos generales,Adquisición de servicios,,,
IDIGER antes FOPAE hasta 30/09/14,12000000,-0.9047619048,Ambiente,Establecimiento Públicos,Gastos de funcionamiento,Gastos generales,Otros gastos generales,,,
IDIGER antes FOPAE hasta 30/09/14,6109599000,-0.9221293199,Ambiente,Establecimiento Públicos,Inversión,Directa,Bogotá Humana,Un territorio que enfrenta el cambio climático y se ordena alrededor del agua,Gestión integral de riesgos,
IDIGER antes FOPAE hasta 30/09/14,4711176000,-0.1048895033,Ambiente,Establecimiento Públicos,Inversión,Directa,Bogotá Humana,Una Bogotá que defiende y fortalece lo público,Fortalecimiento de la función administrativa y desarrollo institucional,
IDIGER antes FOPAE hasta 30/09/14,945941000,none,Ambiente,Establecimiento Públicos,Inversión,Pasivos exigibles,Pasivos exigibles,,,
INSTITUTO DE DESARROLLO URBANO - IDU,30629947000,0.0364827676,Movilidad,Establecimiento Públicos,Gastos de funcionamiento,Servicios personales,Servicios personales asociados a la nómina,,,
INSTITUTO DE DESARROLLO URBANO - IDU,320000000,0,Movilidad,Establecimiento Públicos,Gastos de funcionamiento,Servicios personales,Servicios personales indirectos,,,
INSTITUTO DE DESARROLLO URBANO - IDU,10996698000,0.0441797888,Movilidad,Establecimiento Públicos,Gastos de funcionamiento,Servicios personales,Aportes patronales al sector privado y público,,,
INSTITUTO DE DESARROLLO URBANO - IDU,2134727000,-0.0318698413,Movilidad,Establecimiento Públicos,Gastos de funcionamiento,Gastos generales,Adquisición de bienes,,,
INSTITUTO DE DESARROLLO URBANO - IDU,9180566000,0.0609691436,Movilidad,Establecimiento Públicos,Gastos de funcionamiento,Gastos generales,Adquisición de servicios,,,
INSTITUTO DE DESARROLLO URBANO - IDU,475125000,0.05,Movilidad,Establecimiento Públicos,Gastos de funcionamiento,Gastos generales,Otros gastos generales,,,
INSTITUTO DE DESARROLLO URBANO - IDU,639029667000,-0.621795759,Movilidad,Establecimiento Públicos,Inversión,Directa,Bogotá Humana,Un territorio que enfrenta el cambio climático y se ordena alrededor del agua,Movilidad Humana,
INSTITUTO DE DESARROLLO URBANO - IDU,8000000000,none,Movilidad,Establecimiento Públicos,Inversión,Directa,Bogotá Humana,Un territorio que enfrenta el cambio climático y se ordena alrededor del agua,Gestión integral de riesgos,
INSTITUTO DE DESARROLLO URBANO - IDU,300000000,-0.4230769231,Movilidad,Establecimiento Públicos,Inversión,Directa,Bogotá Humana,Una Bogotá que defiende y fortalece lo público,"Transparencia, probidad, lucha contra la corrupción y control social efectivo e incluyente",
INSTITUTO DE DESARROLLO URBANO - IDU,68275184000,0.2387671699,Movilidad,Establecimiento Públicos,Inversión,Directa,Bogotá Humana,Una Bogotá que defiende y fortalece lo público,Fortalecimiento de la función administrativa y desarrollo institucional,
INSTITUTO DE DESARROLLO URBANO - IDU,10017000000,4.7635212888,Movilidad,Establecimiento Públicos,Inversión,Directa,Bogotá Humana,Una Bogotá que defiende y fortalece lo público,"TIC para gobierno digital, ciudad inteligente y sociedad del conocimiento y del emprendimiento",
INSTITUTO DE DESARROLLO URBANO - IDU,66074906000,-0.3854249528,Movilidad,Establecimiento Públicos,Inversión,Pasivos exigibles,Pasivos exigibles,,,
"FONDO DE PRESTACIONES ECONÓMICAS, CESANTIAS Y PRESTACIONES",9912728000,0.0956896092,Hacienda,Establecimiento Públicos,Gastos de funcionamiento,Servicios personales,Servicios personales asociados a la nómina,,,
"FONDO DE PRESTACIONES ECONÓMICAS, CESANTIAS Y PRESTACIONES",1742400000,0.7251485149,Hacienda,Establecimiento Públicos,Gastos de funcionamiento,Servicios personales,Servicios personales indirectos,,,
"FONDO DE PRESTACIONES ECONÓMICAS, CESANTIAS Y PRESTACIONES",3298457000,0.0995226839,Hacienda,Establecimiento Públicos,Gastos de funcionamiento,Servicios personales,Aportes patronales al sector privado y público,,,
"FONDO DE PRESTACIONES ECONÓMICAS, CESANTIAS Y PRESTACIONES",1187000000,0.4856070088,Hacienda,Establecimiento Públicos,Gastos de funcionamiento,Gastos generales,Adquisición de bienes,,,
"FONDO DE PRESTACIONES ECONÓMICAS, CESANTIAS Y PRESTACIONES",2214000000,-0.1276595745,Hacienda,Establecimiento Públicos,Gastos de funcionamiento,Gastos generales,Adquisición de servicios,,,
"FONDO DE PRESTACIONES ECONÓMICAS, CESANTIAS Y PRESTACIONES",1132800000,0.025158371,Hacienda,Establecimiento Públicos,Gastos de funcionamiento,Gastos generales,Otros gastos generales,,,
"FONDO DE PRESTACIONES ECONÓMICAS, CESANTIAS Y PRESTACIONES",348000000000,0.0283687943,Hacienda,Establecimiento Públicos,Gastos de funcionamiento,Transferencias para funcionamiento,Otras transferencias,,,
"FONDO DE PRESTACIONES ECONÓMICAS, CESANTIAS Y PRESTACIONES",13427511000,0.0623880597,Hacienda,Establecimiento Públicos,Gastos de funcionamiento,Pago de cesantías,Pago de cesantías afiliados,,,
"FONDO DE PRESTACIONES ECONÓMICAS, CESANTIAS Y PRESTACIONES",38000000000,none,Hacienda,Establecimiento Públicos,Gastos de funcionamiento,Pago de cesantías,Provisión pago de cesantías,,,
"FONDO DE PRESTACIONES ECONÓMICAS, CESANTIAS Y PRESTACIONES",217711857000,0.2207685152,Hacienda,Establecimiento Públicos,Servicio de la deuda,Pensiones,Bonos pensionales,,,
"FONDO DE PRESTACIONES ECONÓMICAS, CESANTIAS Y PRESTACIONES",3186252000,-0.616056394,Hacienda,Establecimiento Públicos,Inversión,Directa,Bogotá Humana,Una Bogotá que defiende y fortalece lo público,Fortalecimiento de la función administrativa y desarrollo institucional,
CAJA DE VIVIENDA POPULAR,4279987000,0.0320244427,Hábitat,Establecimiento Públicos,Gastos de funcionamiento,Servicios personales,Servicios personales asociados a la nómina,,,
CAJA DE VIVIENDA POPULAR,2220000000,0.0302513349,Hábitat,Establecimiento Públicos,Gastos de funcionamiento,Servicios personales,Servicios personales indirectos,,,
CAJA DE VIVIENDA POPULAR,1668885000,0.037189117,Hábitat,Establecimiento Públicos,Gastos de funcionamiento,Servicios personales,Aportes patronales al sector privado y público,,,
CAJA DE VIVIENDA POPULAR,145100000,0.1210866273,Hábitat,Establecimiento Públicos,Gastos de funcionamiento,Gastos generales,Adquisición de bienes,,,
CAJA DE VIVIENDA POPULAR,1088000000,0.207591399,Hábitat,Establecimiento Públicos,Gastos de funcionamiento,Gastos generales,Adquisición de servicios,,,
CAJA DE VIVIENDA POPULAR,3000000,0,Hábitat,Establecimiento Públicos,Gastos de funcionamiento,Gastos generales,Otros gastos generales,,,
CAJA DE VIVIENDA POPULAR,680000000,0.0307340645,Hábitat,Establecimiento Públicos,Inversión,Directa,Bogotá Humana,Una ciudad que supera la segregación y la discriminación: el ser humano en el centro de las preocupaciones del desarrollo,Ruralidad humana,
CAJA DE VIVIENDA POPULAR,50954662000,1.0211296014,Hábitat,Establecimiento Públicos,Inversión,Directa,Bogotá Humana,Una ciudad que supera la segregación y la discriminación: el ser humano en el centro de las preocupaciones del desarrollo,Vivienda y hábitat humanos,
CAJA DE VIVIENDA POPULAR,40610885000,-0.1290405253,Hábitat,Establecimiento Públicos,Inversión,Directa,Bogotá Humana,Un territorio que enfrenta el cambio climático y se ordena alrededor del agua,Gestión integral de riesgos,
CAJA DE VIVIENDA POPULAR,250000000,1.0833333333,Hábitat,Establecimiento Públicos,Inversión,Directa,Bogotá Humana,Una Bogotá que defiende y fortalece lo público,"Transparencia, probidad, lucha contra la corrupción y control social efectivo e incluyente",
CAJA DE VIVIENDA POPULAR,4823000000,0.2835067651,Hábitat,Establecimiento Públicos,Inversión,Directa,Bogotá Humana,Una Bogotá que defiende y fortalece lo público,Fortalecimiento de la función administrativa y desarrollo institucional,
CAJA DE VIVIENDA POPULAR,6908923000,none,Hábitat,Establecimiento Públicos,Inversión,Pasivos exigibles,Pasivos exigibles,,,
INSTITUTO DISTRITAL DE RECREACIÓN Y DEPORTE - IDRD,15546270000,0.0686551951,"Cultura, Recreación y Deporte",Establecimiento Públicos,Gastos de funcionamiento,Servicios personales,Servicios personales asociados a la nómina,,,
INSTITUTO DISTRITAL DE RECREACIÓN Y DEPORTE - IDRD,312000000,0.7528089888,"Cultura, Recreación y Deporte",Establecimiento Públicos,Gastos de funcionamiento,Servicios personales,Servicios personales indirectos,,,
INSTITUTO DISTRITAL DE RECREACIÓN Y DEPORTE - IDRD,6407967000,0.0362957669,"Cultura, Recreación y Deporte",Establecimiento Públicos,Gastos de funcionamiento,Servicios personales,Aportes patronales al sector privado y público,,,
INSTITUTO DISTRITAL DE RECREACIÓN Y DEPORTE - IDRD,795077000,-0.1559692144,"Cultura, Recreación y Deporte",Establecimiento Públicos,Gastos de funcionamiento,Gastos generales,Adquisición de bienes,,,
INSTITUTO DISTRITAL DE RECREACIÓN Y DEPORTE - IDRD,5250000000,0.2163172786,"Cultura, Recreación y Deporte",Establecimiento Públicos,Gastos de funcionamiento,Gastos generales,Adquisición de servicios,,,
INSTITUTO DISTRITAL DE RECREACIÓN Y DEPORTE - IDRD,120000000,-0.0243902439,"Cultura, Recreación y Deporte",Establecimiento Públicos,Gastos de funcionamiento,Gastos generales,Otros gastos generales,,,
INSTITUTO DISTRITAL DE RECREACIÓN Y DEPORTE - IDRD,38000000000,0.2625398028,"Cultura, Recreación y Deporte",Establecimiento Públicos,Inversión,Directa,Bogotá Humana,Una ciudad que supera la segregación y la discriminación: el ser humano en el centro de las preocupaciones del desarrollo,"Construcción de saberes. Educación incluyente, diversa y de calidad para disfrutar y aprender",
INSTITUTO DISTRITAL DE RECREACIÓN Y DEPORTE - IDRD,1410000000,-0.5548545479,"Cultura, Recreación y Deporte",Establecimiento Públicos,Inversión,Directa,Bogotá Humana,Una ciudad que supera la segregación y la discriminación: el ser humano en el centro de las preocupaciones del desarrollo,"Lucha contra distintos tipos de discriminación y violencias por condición, situación, identidad, diferencia, diversidad o etapa del ciclo vital",
INSTITUTO DISTRITAL DE RECREACIÓN Y DEPORTE - IDRD,163897204000,-0.0375411398,"Cultura, Recreación y Deporte",Establecimiento Públicos,Inversión,Directa,Bogotá Humana,Una ciudad que supera la segregación y la discriminación: el ser humano en el centro de las preocupaciones del desarrollo,Ejercicio de las libertades culturales y deportivas,
INSTITUTO DISTRITAL DE RECREACIÓN Y DEPORTE - IDRD,4310000000,0.6076091011,"Cultura, Recreación y Deporte",Establecimiento Públicos,Inversión,Directa,Bogotá Humana,Un territorio que enfrenta el cambio climático y se ordena alrededor del agua,Movilidad Humana,
INSTITUTO DISTRITAL DE RECREACIÓN Y DEPORTE - IDRD,20000000,-0.8,"Cultura, Recreación y Deporte",Establecimiento Públicos,Inversión,Directa,Bogotá Humana,Una Bogotá que defiende y fortalece lo público,"Transparencia, probidad, lucha contra la corrupción y control social efectivo e incluyente",
INSTITUTO DISTRITAL DE RECREACIÓN Y DEPORTE - IDRD,7909895000,1.0233532858,"Cultura, Recreación y Deporte",Establecimiento Públicos,Inversión,Directa,Bogotá Humana,Una Bogotá que defiende y fortalece lo público,Fortalecimiento de la función administrativa y desarrollo institucional,
INSTITUTO DISTRITAL DE RECREACIÓN Y DEPORTE - IDRD,1845119000,3.1470617322,"Cultura, Recreación y Deporte",Establecimiento Públicos,Inversión,Pasivos exigibles,Pasivos exigibles,,,
INSTITUTO DISTRITAL DEL PATRIMONIO CULTURAL - IDPC,2998598000,0.0404576823,"Cultura, Recreación y Deporte",Establecimiento Públicos,Gastos de funcionamiento,Servicios personales,Servicios personales asociados a la nómina,,,
INSTITUTO DISTRITAL DEL PATRIMONIO CULTURAL - IDPC,150000000,0.5,"Cultura, Recreación y Deporte",Establecimiento Públicos,Gastos de funcionamiento,Servicios personales,Servicios personales indirectos,,,
INSTITUTO DISTRITAL DEL PATRIMONIO CULTURAL - IDPC,1032460000,0.0361455698,"Cultura, Recreación y Deporte",Establecimiento Públicos,Gastos de funcionamiento,Servicios personales,Aportes patronales al sector privado y público,,,
INSTITUTO DISTRITAL DEL PATRIMONIO CULTURAL - IDPC,226198000,1.0957454694,"Cultura, Recreación y Deporte",Establecimiento Públicos,Gastos de funcionamiento,Gastos generales,Adquisición de bienes,,,
INSTITUTO DISTRITAL DEL PATRIMONIO CULTURAL - IDPC,1092343000,0.0651808874,"Cultura, Recreación y Deporte",Establecimiento Públicos,Gastos de funcionamiento,Gastos generales,Adquisición de servicios,,,
INSTITUTO DISTRITAL DEL PATRIMONIO CULTURAL - IDPC,1100000,0,"Cultura, Recreación y Deporte",Establecimiento Públicos,Gastos de funcionamiento,Gastos generales,Otros gastos generales,,,
INSTITUTO DISTRITAL DEL PATRIMONIO CULTURAL - IDPC,1133000000,-0.1576208178,"Cultura, Recreación y Deporte",Establecimiento Públicos,Inversión,Directa,Bogotá Humana,Una ciudad que supera la segregación y la discriminación: el ser humano en el centro de las preocupaciones del desarrollo,"Construcción de saberes. Educación incluyente, diversa y de calidad para disfrutar y aprender",
INSTITUTO DISTRITAL DEL PATRIMONIO CULTURAL - IDPC,125000000,0,"Cultura, Recreación y Deporte",Establecimiento Públicos,Inversión,Directa,Bogotá Humana,Una ciudad que supera la segregación y la discriminación: el ser humano en el centro de las preocupaciones del desarrollo,"Lucha contra distintos tipos de discriminación y violencias por condición, situación, identidad, diferencia, diversidad o etapa del ciclo vital",
INSTITUTO DISTRITAL DEL PATRIMONIO CULTURAL - IDPC,5663731000,-0.0683630918,"Cultura, Recreación y Deporte",Establecimiento Públicos,Inversión,Directa,Bogotá Humana,Una ciudad que supera la segregación y la discriminación: el ser humano en el centro de las preocupaciones del desarrollo,Ejercicio de las libertades culturales y deportivas,
INSTITUTO DISTRITAL DEL PATRIMONIO CULTURAL - IDPC,16438269000,0.0949356558,"Cultura, Recreación y Deporte",Establecimiento Públicos,Inversión,Directa,Bogotá Humana,Una ciudad que supera la segregación y la discriminación: el ser humano en el centro de las preocupaciones del desarrollo,Revitalización del centro ampliado,
INSTITUTO DISTRITAL DEL PATRIMONIO CULTURAL - IDPC,150000000,2,"Cultura, Recreación y Deporte",Establecimiento Públicos,Inversión,Directa,Bogotá Humana,Una Bogotá que defiende y fortalece lo público,"Transparencia, probidad, lucha contra la corrupción y control social efectivo e incluyente",
INSTITUTO DISTRITAL DEL PATRIMONIO CULTURAL - IDPC,900000000,1.3449713392,"Cultura, Recreación y Deporte",Establecimiento Públicos,Inversión,Directa,Bogotá Humana,Una Bogotá que defiende y fortalece lo público,Fortalecimiento de la función administrativa y desarrollo institucional,
INSTITUTO DISTRITAL DEL PATRIMONIO CULTURAL - IDPC,1995000000,none,"Cultura, Recreación y Deporte",Establecimiento Públicos,Inversión,Pasivos exigibles,Pasivos exigibles,,,
INSTITUTO DISTRITAL PARA LA PROTECCIÓN DE LA NIÑEZ Y LA JUVENTUD,7120543000,0.0096925933,Integración Social,Establecimiento Públicos,Gastos de funcionamiento,Servicios personales,Servicios personales asociados a la nómina,,,
INSTITUTO DISTRITAL PARA LA PROTECCIÓN DE LA NIÑEZ Y LA JUVENTUD,461878000,0.2283989362,Integración Social,Establecimiento Públicos,Gastos de funcionamiento,Servicios personales,Servicios personales indirectos,,,
INSTITUTO DISTRITAL PARA LA PROTECCIÓN DE LA NIÑEZ Y LA JUVENTUD,2507135000,-0.006399993,Integración Social,Establecimiento Públicos,Gastos de funcionamiento,Servicios personales,Aportes patronales al sector privado y público,,,
INSTITUTO DISTRITAL PARA LA PROTECCIÓN DE LA NIÑEZ Y LA JUVENTUD,263970000,0.2608787031,Integración Social,Establecimiento Públicos,Gastos de funcionamiento,Gastos generales,Adquisición de bienes,,,
INSTITUTO DISTRITAL PARA LA PROTECCIÓN DE LA NIÑEZ Y LA JUVENTUD,1077018000,0.0509820224,Integración Social,Establecimiento Públicos,Gastos de funcionamiento,Gastos generales,Adquisición de servicios,,,
INSTITUTO DISTRITAL PARA LA PROTECCIÓN DE LA NIÑEZ Y LA JUVENTUD,21703000,0,Integración Social,Establecimiento Públicos,Gastos de funcionamiento,Gastos generales,Otros gastos generales,,,
INSTITUTO DISTRITAL PARA LA PROTECCIÓN DE LA NIÑEZ Y LA JUVENTUD,937000000,-0.063,Integración Social,Establecimiento Públicos,Inversión,Directa,Bogotá Humana,Una ciudad que supera la segregación y la discriminación: el ser humano en el centro de las preocupaciones del desarrollo,"Lucha contra distintos tipos de discriminación y violencias por condición, situación, identidad, diferencia, diversidad o etapa del ciclo vital",Modernización y fortalecimiento de las tecnologías de información y comunicaciones TIC
INSTITUTO DISTRITAL PARA LA PROTECCIÓN DE LA NIÑEZ Y LA JUVENTUD,14766768000,-0.2217777075,Integración Social,Establecimiento Públicos,Inversión,Directa,Bogotá Humana,Una ciudad que supera la segregación y la discriminación: el ser humano en el centro de las preocupaciones del desarrollo,"Lucha contra distintos tipos de discriminación y violencias por condición, situación, identidad, diferencia, diversidad o etapa del ciclo vital","Protección, prevención y atención integral a niños, niñas, adolescentes y jóvenes en situación de vida de y en calle y pandilleros en condición de fragilidad social"
INSTITUTO DISTRITAL PARA LA PROTECCIÓN DE LA NIÑEZ Y LA JUVENTUD,0,-1,Integración Social,Establecimiento Públicos,Inversión,Directa,Bogotá Humana,Una ciudad que supera la segregación y la discriminación: el ser humano en el centro de las preocupaciones del desarrollo,"Lucha contra distintos tipos de discriminación y violencias por condición, situación, identidad, diferencia, diversidad o etapa del ciclo vital",Generación de ingresos y oportunidades como herramienta de recuperación para beneficiarios en fragilidad social
INSTITUTO DISTRITAL PARA LA PROTECCIÓN DE LA NIÑEZ Y LA JUVENTUD,11293500000,-0.2399991602,Integración Social,Establecimiento Públicos,Inversión,Directa,Bogotá Humana,Una ciudad que supera la segregación y la discriminación: el ser humano en el centro de las preocupaciones del desarrollo,"Lucha contra distintos tipos de discriminación y violencias por condición, situación, identidad, diferencia, diversidad o etapa del ciclo vital",Fortalecimiento institucional y de la infraestructura de unidades de protección integral y dependencias
INSTITUTO DISTRITAL PARA LA PROTECCIÓN DE LA NIÑEZ Y LA JUVENTUD,3098357000,-0.5573775714,Integración Social,Establecimiento Públicos,Inversión,Directa,Bogotá Humana,Una ciudad que supera la segregación y la discriminación: el ser humano en el centro de las preocupaciones del desarrollo,"Lucha contra distintos tipos de discriminación y violencias por condición, situación, identidad, diferencia, diversidad o etapa del ciclo vital",Protección Integral a Niñez juventud en Situación de Vulneración de Derechos
INSTITUTO DISTRITAL PARA LA PROTECCIÓN DE LA NIÑEZ Y LA JUVENTUD,1483357000,-0.7015978676,Integración Social,Establecimiento Públicos,Inversión,Directa,Bogotá Humana,Una ciudad que supera la segregación y la discriminación: el ser humano en el centro de las preocupaciones del desarrollo,"Bogotá, un territorio que defiende, protege y promueve los derechos humanos",
INSTITUTO DISTRITAL PARA LA PROTECCIÓN DE LA NIÑEZ Y LA JUVENTUD,100804148000,13.1977673239,Integración Social,Establecimiento Públicos,Inversión,Directa,Bogotá Humana,Una ciudad que supera la segregación y la discriminación: el ser humano en el centro de las preocupaciones del desarrollo,Trabajo decente y digno,
INSTITUTO DISTRITAL PARA LA PROTECCIÓN DE LA NIÑEZ Y LA JUVENTUD,0,-1,Integración Social,Establecimiento Públicos,Inversión,Pasivos exigibles,Pasivos exigibles,,,
FUNDACIÓN GILBERTO ALZATE AVENDAÑO ,2139198000,0.1103597513,"Cultura, Recreación y Deporte",Establecimiento Públicos,Gastos de funcionamiento,Servicios personales,Servicios personales asociados a la nómina,,,
FUNDACIÓN GILBERTO ALZATE AVENDAÑO ,191104000,-0.1325283704,"Cultura, Recreación y Deporte",Establecimiento Públicos,Gastos de funcionamiento,Servicios personales,Servicios personales indirectos,,,
FUNDACIÓN GILBERTO ALZATE AVENDAÑO ,731459000,0.1151105569,"Cultura, Recreación y Deporte",Establecimiento Públicos,Gastos de funcionamiento,Servicios personales,Aportes patronales al sector privado y público,,,
FUNDACIÓN GILBERTO ALZATE AVENDAÑO ,89000000,-0.1852353663,"Cultura, Recreación y Deporte",Establecimiento Públicos,Gastos de funcionamiento,Gastos generales,Adquisición de bienes,,,
FUNDACIÓN GILBERTO ALZATE AVENDAÑO ,603000000,0.0007734003,"Cultura, Recreación y Deporte",Establecimiento Públicos,Gastos de funcionamiento,Gastos generales,Adquisición de servicios,,,
FUNDACIÓN GILBERTO ALZATE AVENDAÑO ,8000000,0.6,"Cultura, Recreación y Deporte",Establecimiento Públicos,Gastos de funcionamiento,Gastos generales,Otros gastos generales,,,
FUNDACIÓN GILBERTO ALZATE AVENDAÑO ,554000000,2.2397660819,"Cultura, Recreación y Deporte",Establecimiento Públicos,Inversión,Directa,Bogotá Humana,Una ciudad que supera la segregación y la discriminación: el ser humano en el centro de las preocupaciones del desarrollo,"Lucha contra distintos tipos de discriminación y violencias por condición, situación, identidad, diferencia, diversidad o etapa del ciclo vital",
FUNDACIÓN GILBERTO ALZATE AVENDAÑO ,2321000000,-0.0553520554,"Cultura, Recreación y Deporte",Establecimiento Públicos,Inversión,Directa,Bogotá Humana,Una ciudad que supera la segregación y la discriminación: el ser humano en el centro de las preocupaciones del desarrollo,Ejercicio de las libertades culturales y deportivas,
FUNDACIÓN GILBERTO ALZATE AVENDAÑO ,24000000,0.0909090909,"Cultura, Recreación y Deporte",Establecimiento Públicos,Inversión,Directa,Bogotá Humana,Una Bogotá que defiende y fortalece lo público,"Transparencia, probidad, lucha contra la corrupción y control social efectivo e incluyente",
FUNDACIÓN GILBERTO ALZATE AVENDAÑO ,645000000,-0.0373134328,"Cultura, Recreación y Deporte",Establecimiento Públicos,Inversión,Directa,Bogotá Humana,Una Bogotá que defiende y fortalece lo público,Fortalecimiento de la función administrativa y desarrollo institucional,
ORQUESTA FILARMÓNICA DE BOGOTÁ,15549401000,0.1627793816,"Cultura, Recreación y Deporte",Establecimiento Públicos,Gastos de funcionamiento,Servicios personales,Servicios personales asociados a la nómina,,,
ORQUESTA FILARMÓNICA DE BOGOTÁ,339000000,0.0235507246,"Cultura, Recreación y Deporte",Establecimiento Públicos,Gastos de funcionamiento,Servicios personales,Servicios personales indirectos,,,
ORQUESTA FILARMÓNICA DE BOGOTÁ,5119513000,0.0986466047,"Cultura, Recreación y Deporte",Establecimiento Públicos,Gastos de funcionamiento,Servicios personales,Aportes patronales al sector privado y público,,,
ORQUESTA FILARMÓNICA DE BOGOTÁ,276054000,0.1389165082,"Cultura, Recreación y Deporte",Establecimiento Públicos,Gastos de funcionamiento,Gastos generales,Adquisición de bienes,,,
ORQUESTA FILARMÓNICA DE BOGOTÁ,867926000,0.0671160084,"Cultura, Recreación y Deporte",Establecimiento Públicos,Gastos de funcionamiento,Gastos generales,Adquisición de servicios,,,
ORQUESTA FILARMÓNICA DE BOGOTÁ,4000000,-0.0147783251,"Cultura, Recreación y Deporte",Establecimiento Públicos,Gastos de funcionamiento,Gastos generales,Otros gastos generales,,,
ORQUESTA FILARMÓNICA DE BOGOTÁ,17783000000,1.7232771822,"Cultura, Recreación y Deporte",Establecimiento Públicos,Inversión,Directa,Bogotá Humana,Una ciudad que supera la segregación y la discriminación: el ser humano en el centro de las preocupaciones del desarrollo,"Construcción de saberes. Educación incluyente, diversa y de calidad para disfrutar y aprender",
ORQUESTA FILARMÓNICA DE BOGOTÁ,613431000,-0.1261666667,"Cultura, Recreación y Deporte",Establecimiento Públicos,Inversión,Directa,Bogotá Humana,Una ciudad que supera la segregación y la discriminación: el ser humano en el centro de las preocupaciones del desarrollo,"Lucha contra distintos tipos de discriminación y violencias por condición, situación, identidad, diferencia, diversidad o etapa del ciclo vital",
ORQUESTA FILARMÓNICA DE BOGOTÁ,6744418000,-0.0552713265,"Cultura, Recreación y Deporte",Establecimiento Públicos,Inversión,Directa,Bogotá Humana,Una ciudad que supera la segregación y la discriminación: el ser humano en el centro de las preocupaciones del desarrollo,Ejercicio de las libertades culturales y deportivas,
ORQUESTA FILARMÓNICA DE BOGOTÁ,20000000,1,"Cultura, Recreación y Deporte",Establecimiento Públicos,Inversión,Directa,Bogotá Humana,Una Bogotá que defiende y fortalece lo público,"Transparencia, probidad, lucha contra la corrupción y control social efectivo e incluyente",
ORQUESTA FILARMÓNICA DE BOGOTÁ,967651000,0.8053190299,"Cultura, Recreación y Deporte",Establecimiento Públicos,Inversión,Directa,Bogotá Humana,Una Bogotá que defiende y fortalece lo público,Fortalecimiento de la función administrativa y desarrollo institucional,
FONDO DE VIGILANCIA Y SEGURIDAD,5920233000,0.8606927162,"Gobierno, Seguridad y Convivencia",Establecimiento Públicos,Gastos de funcionamiento,Servicios personales,Servicios personales asociados a la nómina,,,
FONDO DE VIGILANCIA Y SEGURIDAD,0,-1,"Gobierno, Seguridad y Convivencia",Establecimiento Públicos,Gastos de funcionamiento,Servicios personales,Servicios personales indirectos,,,
FONDO DE VIGILANCIA Y SEGURIDAD,2049775000,0.605412793,"Gobierno, Seguridad y Convivencia",Establecimiento Públicos,Gastos de funcionamiento,Servicios personales,Aportes patronales al sector privado y público,,,
FONDO DE VIGILANCIA Y SEGURIDAD,302930000,0.5222613065,"Gobierno, Seguridad y Convivencia",Establecimiento Públicos,Gastos de funcionamiento,Gastos generales,Adquisición de bienes,,,
FONDO DE VIGILANCIA Y SEGURIDAD,3892603000,1.1211118746,"Gobierno, Seguridad y Convivencia",Establecimiento Públicos,Gastos de funcionamiento,Gastos generales,Adquisición de servicios,,,
FONDO DE VIGILANCIA Y SEGURIDAD,11700000,0.0636363636,"Gobierno, Seguridad y Convivencia",Establecimiento Públicos,Gastos de funcionamiento,Gastos generales,Otros gastos generales,,,
FONDO DE VIGILANCIA Y SEGURIDAD,890000000,18.7777777778,"Gobierno, Seguridad y Convivencia",Establecimiento Públicos,Inversión,Directa,Bogotá Humana,Una Bogotá que defiende y fortalece lo público,"Transparencia, probidad, lucha contra la corrupción y control social efectivo e incluyente",
FONDO DE VIGILANCIA Y SEGURIDAD,141387500000,-0.0792040254,"Gobierno, Seguridad y Convivencia",Establecimiento Públicos,Inversión,Directa,Bogotá Humana,Una Bogotá que defiende y fortalece lo público,Fortalecimiento de la seguridad ciudadana,
FONDO DE VIGILANCIA Y SEGURIDAD,7973500000,1.9086723927,"Gobierno, Seguridad y Convivencia",Establecimiento Públicos,Inversión,Directa,Bogotá Humana,Una Bogotá que defiende y fortalece lo público,Fortalecimiento de la función administrativa y desarrollo institucional,
FONDO DE VIGILANCIA Y SEGURIDAD,17000000000,-0.1805025159,"Gobierno, Seguridad y Convivencia",Establecimiento Públicos,Inversión,Pasivos exigibles,Pasivos exigibles,,,
"JARDÍN BOTÁNICO "" JOSE CELESTINO MUTIS""",3233902000,0.0417575762,Ambiente,Establecimiento Públicos,Gastos de funcionamiento,Servicios personales,Servicios personales asociados a la nómina,,,
"JARDÍN BOTÁNICO "" JOSE CELESTINO MUTIS""",100000000,-0.1173874669,Ambiente,Establecimiento Públicos,Gastos de funcionamiento,Servicios personales,Servicios personales indirectos,,,
"JARDÍN BOTÁNICO "" JOSE CELESTINO MUTIS""",1105103000,0.0436261164,Ambiente,Establecimiento Públicos,Gastos de funcionamiento,Servicios personales,Aportes patronales al sector privado y público,,,
"JARDÍN BOTÁNICO "" JOSE CELESTINO MUTIS""",114364000,-0.0012313873,Ambiente,Establecimiento Públicos,Gastos de funcionamiento,Gastos generales,Adquisición de bienes,,,
"JARDÍN BOTÁNICO "" JOSE CELESTINO MUTIS""",1492589000,0.0720088427,Ambiente,Establecimiento Públicos,Gastos de funcionamiento,Gastos generales,Adquisición de servicios,,,
"JARDÍN BOTÁNICO "" JOSE CELESTINO MUTIS""",1000000,0,Ambiente,Establecimiento Públicos,Gastos de funcionamiento,Gastos generales,Otros gastos generales,,,
"JARDÍN BOTÁNICO "" JOSE CELESTINO MUTIS""",29250000000,0.7203307929,Ambiente,Establecimiento Públicos,Inversión,Directa,Bogotá Humana,Un territorio que enfrenta el cambio climático y se ordena alrededor del agua,,
"JARDÍN BOTÁNICO "" JOSE CELESTINO MUTIS""",5213714000,0.5345935312,Ambiente,Establecimiento Públicos,Inversión,Directa,Bogotá Humana,Una Bogotá que defiende y fortalece lo público,Fortalecimiento de la función administrativa y desarrollo institucional,
INSTITUTO PARA LA INVESTIGACIÓN EDUCATIVA Y EL DESARROLLO - PEDAGÓGICO,3030883000,0.0950536781,Educación,Establecimiento Públicos,Gastos de funcionamiento,Servicios personales,Servicios personales asociados a la nómina,,,
INSTITUTO PARA LA INVESTIGACIÓN EDUCATIVA Y EL DESARROLLO - PEDAGÓGICO,11088000,-0.1058064516,Educación,Establecimiento Públicos,Gastos de funcionamiento,Servicios personales,Servicios personales indirectos,,,
INSTITUTO PARA LA INVESTIGACIÓN EDUCATIVA Y EL DESARROLLO - PEDAGÓGICO,1034843000,0.0948553038,Educación,Establecimiento Públicos,Gastos de funcionamiento,Servicios personales,Aportes patronales al sector privado y público,,,
INSTITUTO PARA LA INVESTIGACIÓN EDUCATIVA Y EL DESARROLLO - PEDAGÓGICO,141260000,0.1628825922,Educación,Establecimiento Públicos,Gastos de funcionamiento,Gastos generales,Adquisición de bienes,,,
INSTITUTO PARA LA INVESTIGACIÓN EDUCATIVA Y EL DESARROLLO - PEDAGÓGICO,609627000,0.1131954196,Educación,Establecimiento Públicos,Gastos de funcionamiento,Gastos generales,Adquisición de servicios,,,
INSTITUTO PARA LA INVESTIGACIÓN EDUCATIVA Y EL DESARROLLO - PEDAGÓGICO,425000,0.0315533981,Educación,Establecimiento Públicos,Gastos de funcionamiento,Gastos generales,Otros gastos generales,,,
INSTITUTO PARA LA INVESTIGACIÓN EDUCATIVA Y EL DESARROLLO - PEDAGÓGICO,4805000000,0.0077600671,Educación,Establecimiento Públicos,Inversión,Directa,Bogotá Humana,Una ciudad que supera la segregación y la discriminación: el ser humano en el centro de las preocupaciones del desarrollo,"Construcción de saberes. Educación incluyente, diversa y de calidad para disfrutar y aprender",
INSTITUTO PARA LA INVESTIGACIÓN EDUCATIVA Y EL DESARROLLO - PEDAGÓGICO,748644000,-0.4048934817,Educación,Establecimiento Públicos,Inversión,Directa,Bogotá Humana,Una Bogotá que defiende y fortalece lo público,Fortalecimiento de la función administrativa y desarrollo institucional,
INSTITUTO DISTRITAL DE LA PARTICIPACIÓN Y ACCIÓN COMUNAL,6647637000,0.0446922633,"Gobierno, Seguridad y Convivencia",Establecimiento Públicos,Gastos de funcionamiento,Servicios personales,Servicios personales asociados a la nómina,,,
INSTITUTO DISTRITAL DE LA PARTICIPACIÓN Y ACCIÓN COMUNAL,266000000,0.1769911504,"Gobierno, Seguridad y Convivencia",Establecimiento Públicos,Gastos de funcionamiento,Servicios personales,Servicios personales indirectos,,,
INSTITUTO DISTRITAL DE LA PARTICIPACIÓN Y ACCIÓN COMUNAL,2268866000,0.0459247554,"Gobierno, Seguridad y Convivencia",Establecimiento Públicos,Gastos de funcionamiento,Servicios personales,Aportes patronales al sector privado y público,,,
INSTITUTO DISTRITAL DE LA PARTICIPACIÓN Y ACCIÓN COMUNAL,278500000,0.0505469634,"Gobierno, Seguridad y Convivencia",Establecimiento Públicos,Gastos de funcionamiento,Gastos generales,Adquisición de bienes,,,
INSTITUTO DISTRITAL DE LA PARTICIPACIÓN Y ACCIÓN COMUNAL,1598500000,0.1331253987,"Gobierno, Seguridad y Convivencia",Establecimiento Públicos,Gastos de funcionamiento,Gastos generales,Adquisición de servicios,,,
INSTITUTO DISTRITAL DE LA PARTICIPACIÓN Y ACCIÓN COMUNAL,1000000,-0.2307692308,"Gobierno, Seguridad y Convivencia",Establecimiento Públicos,Gastos de funcionamiento,Gastos generales,Otros gastos generales,,,
INSTITUTO DISTRITAL DE LA PARTICIPACIÓN Y ACCIÓN COMUNAL,7309175000,-0.557019697,"Gobierno, Seguridad y Convivencia",Establecimiento Públicos,Inversión,Directa,Bogotá Humana,Una Bogotá que defiende y fortalece lo público,Bogotá Humana: participa y decide,
INSTITUTO DISTRITAL DE LA PARTICIPACIÓN Y ACCIÓN COMUNAL,1392223000,-0.3038885,"Gobierno, Seguridad y Convivencia",Establecimiento Públicos,Inversión,Directa,Bogotá Humana,Una Bogotá que defiende y fortalece lo público,Fortalecimiento de la función administrativa y desarrollo institucional,
INSTITUTO DISTRITAL DE TURISMO ,2393306000,0.0535855628,"Desarrollo Económico, Industria y Turismo",Establecimiento Públicos,Gastos de funcionamiento,Servicios personales,Servicios personales asociados a la nómina,,,
INSTITUTO DISTRITAL DE TURISMO ,10000000,-0.0740740741,"Desarrollo Económico, Industria y Turismo",Establecimiento Públicos,Gastos de funcionamiento,Servicios personales,Servicios personales indirectos,,,
INSTITUTO DISTRITAL DE TURISMO ,817556000,0.0508526426,"Desarrollo Económico, Industria y Turismo",Establecimiento Públicos,Gastos de funcionamiento,Servicios personales,Aportes patronales al sector privado y público,,,
INSTITUTO DISTRITAL DE TURISMO ,182400000,0.425,"Desarrollo Económico, Industria y Turismo",Establecimiento Públicos,Gastos de funcionamiento,Gastos generales,Adquisición de bienes,,,
INSTITUTO DISTRITAL DE TURISMO ,998400000,0.1822380107,"Desarrollo Económico, Industria y Turismo",Establecimiento Públicos,Gastos de funcionamiento,Gastos generales,Adquisición de servicios,,,
INSTITUTO DISTRITAL DE TURISMO ,1650000,-0.0833333333,"Desarrollo Económico, Industria y Turismo",Establecimiento Públicos,Gastos de funcionamiento,Gastos generales,Otros gastos generales,,,
INSTITUTO DISTRITAL DE TURISMO ,6604907000,-0.4323608706,"Desarrollo Económico, Industria y Turismo",Establecimiento Públicos,Inversión,Directa,Bogotá Humana,Una ciudad que supera la segregación y la discriminación: el ser humano en el centro de las preocupaciones del desarrollo,"Apoyo a la economía popular, emprendimiento y productividad",
INSTITUTO DISTRITAL DE TURISMO ,2595093000,0.3920305753,"Desarrollo Económico, Industria y Turismo",Establecimiento Públicos,Inversión,Directa,Bogotá Humana,Una Bogotá que defiende y fortalece lo público,Fortalecimiento de la función administrativa y desarrollo institucional,
INSITUTO DISTRITAL DE LAS ARTES - IDARTES,3612035000,0.148020415,"Cultura, Recreación y Deporte",Establecimiento Públicos,Gastos de funcionamiento,Servicios personales,Servicios personales asociados a la nómina,,,
INSITUTO DISTRITAL DE LAS ARTES - IDARTES,78820000,0.0299901993,"Cultura, Recreación y Deporte",Establecimiento Públicos,Gastos de funcionamiento,Servicios personales,Servicios personales indirectos,,,
INSITUTO DISTRITAL DE LAS ARTES - IDARTES,1220991000,0.1339985679,"Cultura, Recreación y Deporte",Establecimiento Públicos,Gastos de funcionamiento,Servicios personales,Aportes patronales al sector privado y público,,,
INSITUTO DISTRITAL DE LAS ARTES - IDARTES,232560000,0.1711326085,"Cultura, Recreación y Deporte",Establecimiento Públicos,Gastos de funcionamiento,Gastos generales,Adquisición de bienes,,,
INSITUTO DISTRITAL DE LAS ARTES - IDARTES,3682600000,0.1145644267,"Cultura, Recreación y Deporte",Establecimiento Públicos,Gastos de funcionamiento,Gastos generales,Adquisición de servicios,,,
INSITUTO DISTRITAL DE LAS ARTES - IDARTES,300000000,129.7189542484,"Cultura, Recreación y Deporte",Establecimiento Públicos,Gastos de funcionamiento,Gastos generales,Otros gastos generales,,,
INSITUTO DISTRITAL DE LAS ARTES - IDARTES,6000000000,0.4666010933,"Cultura, Recreación y Deporte",Establecimiento Públicos,Inversión,Directa,Bogotá Humana,Una ciudad que supera la segregación y la discriminación: el ser humano en el centro de las preocupaciones del desarrollo,Garantía del desarrollo integral de la primera infancia,
INSITUTO DISTRITAL DE LAS ARTES - IDARTES,1280000000,7,"Cultura, Recreación y Deporte",Establecimiento Públicos,Inversión,Directa,Bogotá Humana,Una ciudad que supera la segregación y la discriminación: el ser humano en el centro de las preocupaciones del desarrollo,"Lucha contra distintos tipos de discriminación y violencias por condición, situación, identidad, diferencia, diversidad o etapa del ciclo vital",Reconocimiento de la diversidad y la interculturalidad a través de las artes
INSITUTO DISTRITAL DE LAS ARTES - IDARTES,46969000000,1.1356074589,"Cultura, Recreación y Deporte",Establecimiento Públicos,Inversión,Directa,Bogotá Humana,Una ciudad que supera la segregación y la discriminación: el ser humano en el centro de las preocupaciones del desarrollo,"Construcción de saberes. Educación incluyente, diversa y de calidad para disfrutar y aprender",
INSITUTO DISTRITAL DE LAS ARTES - IDARTES,70674000000,0.5539407682,"Cultura, Recreación y Deporte",Establecimiento Públicos,Inversión,Directa,Bogotá Humana,Una ciudad que supera la segregación y la discriminación: el ser humano en el centro de las preocupaciones del desarrollo,Ejercicio de las libertades culturales y deportivas,
INSITUTO DISTRITAL DE LAS ARTES - IDARTES,400000000,1.6666666667,"Cultura, Recreación y Deporte",Establecimiento Públicos,Inversión,Directa,Bogotá Humana,Una ciudad que supera la segregación y la discriminación: el ser humano en el centro de las preocupaciones del desarrollo,Revitalización del centro ampliado,
INSITUTO DISTRITAL DE LAS ARTES - IDARTES,50000000,0.6666666667,"Cultura, Recreación y Deporte",Establecimiento Públicos,Inversión,Directa,Bogotá Humana,Una Bogotá que defiende y fortalece lo público,"Transparencia, probidad, lucha contra la corrupción y control social efectivo e incluyente",
INSITUTO DISTRITAL DE LAS ARTES - IDARTES,3162000000,0.4367391746,"Cultura, Recreación y Deporte",Establecimiento Públicos,Inversión,Directa,Bogotá Humana,Una Bogotá que defiende y fortalece lo público,Fortalecimiento de la función administrativa y desarrollo institucional,
UNIDAD ADMINISTRATIVA ESPECIAL DE CATASTRO DISTRITAL,24033713000,0.0409102447,Hacienda,Establecimiento Públicos,Gastos de funcionamiento,Servicios personales,Servicios personales asociados a la nómina,,,
UNIDAD ADMINISTRATIVA ESPECIAL DE CATASTRO DISTRITAL,320000000,none,Hacienda,Establecimiento Públicos,Gastos de funcionamiento,Servicios personales,Servicios personales indirectos,,,
UNIDAD ADMINISTRATIVA ESPECIAL DE CATASTRO DISTRITAL,8329524000,0.040544322,Hacienda,Establecimiento Públicos,Gastos de funcionamiento,Servicios personales,Aportes patronales al sector privado y público,,,
UNIDAD ADMINISTRATIVA ESPECIAL DE CATASTRO DISTRITAL,3918000000,0.1520141135,Hacienda,Establecimiento Públicos,Gastos de funcionamiento,Gastos generales,Adquisición de bienes,,,
UNIDAD ADMINISTRATIVA ESPECIAL DE CATASTRO DISTRITAL,2738000000,-0.0979445127,Hacienda,Establecimiento Públicos,Gastos de funcionamiento,Gastos generales,Adquisición de servicios,,,
UNIDAD ADMINISTRATIVA ESPECIAL DE CATASTRO DISTRITAL,11000000,0.3664596273,Hacienda,Establecimiento Públicos,Gastos de funcionamiento,Gastos generales,Otros gastos generales,,,
UNIDAD ADMINISTRATIVA ESPECIAL DE CATASTRO DISTRITAL,80000000,-0.2,Hacienda,Establecimiento Públicos,Inversión,Directa,Bogotá Humana,Una Bogotá que defiende y fortalece lo público,"Transparencia, probidad, lucha contra la corrupción y control social efectivo e incluyente",
UNIDAD ADMINISTRATIVA ESPECIAL DE CATASTRO DISTRITAL,14104670000,-0.0454550007,Hacienda,Establecimiento Públicos,Inversión,Directa,Bogotá Humana,Una Bogotá que defiende y fortalece lo público,Fortalecimiento de la función administrativa y desarrollo institucional,
UNIDAD ADMINISTRATIVA ESPECIAL DE REHABILITACIÓN Y MANTENIMIENTO ,7881404000,0.0791500441,Movilidad,Establecimiento Públicos,Gastos de funcionamiento,Servicios personales,Servicios personales asociados a la nómina,,,
UNIDAD ADMINISTRATIVA ESPECIAL DE REHABILITACIÓN Y MANTENIMIENTO ,2441501000,0.046878169,Movilidad,Establecimiento Públicos,Gastos de funcionamiento,Servicios personales,Servicios personales indirectos,,,
UNIDAD ADMINISTRATIVA ESPECIAL DE REHABILITACIÓN Y MANTENIMIENTO ,4005357000,0.0548238285,Movilidad,Establecimiento Públicos,Gastos de funcionamiento,Servicios personales,Aportes patronales al sector privado y público,,,
UNIDAD ADMINISTRATIVA ESPECIAL DE REHABILITACIÓN Y MANTENIMIENTO ,395500000,0.0294117647,Movilidad,Establecimiento Públicos,Gastos de funcionamiento,Gastos generales,Adquisición de bienes,,,
UNIDAD ADMINISTRATIVA ESPECIAL DE REHABILITACIÓN Y MANTENIMIENTO ,3192000000,0.0804955656,Movilidad,Establecimiento Públicos,Gastos de funcionamiento,Gastos generales,Adquisición de servicios,,,
UNIDAD ADMINISTRATIVA ESPECIAL DE REHABILITACIÓN Y MANTENIMIENTO ,1000000,-0.0291262136,Movilidad,Establecimiento Públicos,Gastos de funcionamiento,Gastos generales,Otros gastos generales,,,
UNIDAD ADMINISTRATIVA ESPECIAL DE REHABILITACIÓN Y MANTENIMIENTO ,127597743000,-0.1897443763,Movilidad,Establecimiento Públicos,Inversión,Directa,Bogotá Humana,Un territorio que enfrenta el cambio climático y se ordena alrededor del agua,Movilidad Humana,
UNIDAD ADMINISTRATIVA ESPECIAL DE REHABILITACIÓN Y MANTENIMIENTO ,5030576000,-0.8325779626,Movilidad,Establecimiento Públicos,Inversión,Directa,Bogotá Humana,Un territorio que enfrenta el cambio climático y se ordena alrededor del agua,Gestión integral de riesgos,
UNIDAD ADMINISTRATIVA ESPECIAL DE REHABILITACIÓN Y MANTENIMIENTO ,1000000000,-0.3333333333,Movilidad,Establecimiento Públicos,Inversión,Directa,Bogotá Humana,Una Bogotá que defiende y fortalece lo público,Fortalecimiento de la función administrativa y desarrollo institucional,
UNIDAD ADMINISTRATIVA ESPECIAL DE REHABILITACIÓN Y MANTENIMIENTO ,72572930000,14.1243073255,Movilidad,Establecimiento Públicos,Inversión,Pasivos exigibles,Pasivos exigibles,,,
UNIDAD ADMINISTRATIVA ESPECIAL DE SERVICIOS PÚBLICOS,9215240000,0.0344087125,Hábitat,Establecimiento Públicos,Gastos de funcionamiento,Servicios personales,Servicios personales asociados a la nómina,,,
UNIDAD ADMINISTRATIVA ESPECIAL DE SERVICIOS PÚBLICOS,350000000,1.6923076923,Hábitat,Establecimiento Públicos,Gastos de funcionamiento,Servicios personales,Servicios personales indirectos,,,
UNIDAD ADMINISTRATIVA ESPECIAL DE SERVICIOS PÚBLICOS,3158266000,0.0365257585,Hábitat,Establecimiento Públicos,Gastos de funcionamiento,Servicios personales,Aportes patronales al sector privado y público,,,
UNIDAD ADMINISTRATIVA ESPECIAL DE SERVICIOS PÚBLICOS,193277000,0.0026872935,Hábitat,Establecimiento Públicos,Gastos de funcionamiento,Gastos generales,Adquisición de bienes,,,
UNIDAD ADMINISTRATIVA ESPECIAL DE SERVICIOS PÚBLICOS,1732450000,0.1296106724,Hábitat,Establecimiento Públicos,Gastos de funcionamiento,Gastos generales,Adquisición de servicios,,,
UNIDAD ADMINISTRATIVA ESPECIAL DE SERVICIOS PÚBLICOS,3000000,0,Hábitat,Establecimiento Públicos,Gastos de funcionamiento,Gastos generales,Otros gastos generales,,,
UNIDAD ADMINISTRATIVA ESPECIAL DE SERVICIOS PÚBLICOS,183368000000,0.0255480984,Hábitat,Establecimiento Públicos,Gastos de funcionamiento,Transferencias para funcionamiento,Otras transferencias,,,
UNIDAD ADMINISTRATIVA ESPECIAL DE SERVICIOS PÚBLICOS,16173796000,0.677168128,Hábitat,Establecimiento Públicos,Inversión,Directa,Bogotá Humana,Una ciudad que supera la segregación y la discriminación: el ser humano en el centro de las preocupaciones del desarrollo,Fortalecimiento y mejorarriento de la calidad y cobertura de los servicios públicos,
UNIDAD ADMINISTRATIVA ESPECIAL DE SERVICIOS PÚBLICOS,178879825000,0.0387325924,Hábitat,Establecimiento Públicos,Inversión,Directa,Bogotá Humana,Un territorio que enfrenta el cambio climático y se ordena alrededor del agua,Basura cero,
UNIDAD ADMINISTRATIVA ESPECIAL DE SERVICIOS PÚBLICOS,434000000,0.0186836917,Hábitat,Establecimiento Públicos,Inversión,Directa,Bogotá Humana,Una Bogotá que defiende y fortalece lo público,"Transparencia, probidad, lucha contra la corrupción y control social efectivo e incluyente",
UNIDAD ADMINISTRATIVA ESPECIAL DE SERVICIOS PÚBLICOS,2697320000,-0.5025022257,Hábitat,Establecimiento Públicos,Inversión,Directa,Bogotá Humana,Una Bogotá que defiende y fortalece lo público,Fortalecimiento de la función administrativa y desarrollo institucional,
UNIDAD ADMINISTRATIVA ESPECIAL DE SERVICIOS PÚBLICOS,1502719000,-0.8123888699,Hábitat,Establecimiento Públicos,Inversión,Pasivos exigibles,Pasivos exigibles,,,
UNIVERSIDAD DISTRITAL FRANCISCO JOSE DE CALDAS,67817188000,0.0469496255,Educación,Establecimiento Públicos,Gastos de funcionamiento,Servicios personales,Servicios personales asociados a la nómina,,,
UNIVERSIDAD DISTRITAL FRANCISCO JOSE DE CALDAS,28165402000,-0.0997584741,Educación,Establecimiento Públicos,Gastos de funcionamiento,Servicios personales,Servicios personales indirectos,,,
UNIVERSIDAD DISTRITAL FRANCISCO JOSE DE CALDAS,21229629000,0.0239322173,Educación,Establecimiento Públicos,Gastos de funcionamiento,Servicios personales,Aportes patronales al sector privado y público,,,
UNIVERSIDAD DISTRITAL FRANCISCO JOSE DE CALDAS,1617418000,-0.0888078524,Educación,Establecimiento Públicos,Gastos de funcionamiento,Gastos generales,Adquisición de bienes,,,
UNIVERSIDAD DISTRITAL FRANCISCO JOSE DE CALDAS,16761390000,0.083795045,Educación,Establecimiento Públicos,Gastos de funcionamiento,Gastos generales,Adquisición de servicios,,,
UNIVERSIDAD DISTRITAL FRANCISCO JOSE DE CALDAS,18114167000,0.0253200317,Educación,Establecimiento Públicos,Gastos de funcionamiento,Gastos generales,Otros gastos generales,,,
UNIVERSIDAD DISTRITAL FRANCISCO JOSE DE CALDAS,60148326000,0.0088268178,Educación,Establecimiento Públicos,Gastos de funcionamiento,Transferencias para funcionamiento,Otras transferencias,,,
UNIVERSIDAD DISTRITAL FRANCISCO JOSE DE CALDAS,33786000000,-0.0628016644,Educación,Establecimiento Públicos,Inversión,Directa,Bogotá Humana,Una ciudad que supera la segregación y la discriminación: el ser humano en el centro de las preocupaciones del desarrollo,"Construcción de saberes. Educación incluyente, diversa y de calidad para disfrutar y aprender",
UNIVERSIDAD DISTRITAL FRANCISCO JOSE DE CALDAS,7294000000,0.042,Educación,Establecimiento Públicos,Inversión,Directa,Bogotá Humana,Una ciudad que supera la segregación y la discriminación: el ser humano en el centro de las preocupaciones del desarrollo,"Ciencia, tecnología e innovación para avanzar en el desarrollo de la
ciudad",
UNIVERSIDAD DISTRITAL FRANCISCO JOSE DE CALDAS,3620000000,-0.2686868687,Educación,Establecimiento Públicos,Inversión,Directa,Bogotá Humana,Una Bogotá que defiende y fortalece lo público,"TIC para gobierno digital, ciudad inteligente y sociedad del conocimiento y del emprendimiento",
UNIVERSIDAD DISTRITAL FRANCISCO JOSE DE CALDAS,268055000,0.0041167833,Educación,Establecimiento Públicos,Inversión,Transferencias para inversión,Otras transferencias,,,
CONTRALORÍA DE BOGOTÁ D.C.,70570973000,0.0711038471,Otras Entidades Distritales,Establecimiento Públicos,Gastos de funcionamiento,Servicios personales,Servicios personales asociados a la nómina,,,
CONTRALORÍA DE BOGOTÁ D.C.,880000000,none,Otras Entidades Distritales,Establecimiento Públicos,Gastos de funcionamiento,Servicios personales,Servicios personales indirectos,,,
CONTRALORÍA DE BOGOTÁ D.C.,23969040000,0.0718211059,Otras Entidades Distritales,Establecimiento Públicos,Gastos de funcionamiento,Servicios personales,Aportes patronales al sector privado y público,,,
CONTRALORÍA DE BOGOTÁ D.C.,1207560000,-0.1386875892,Otras Entidades Distritales,Establecimiento Públicos,Gastos de funcionamiento,Gastos generales,Adquisición de bienes,,,
CONTRALORÍA DE BOGOTÁ D.C.,4608330000,-0.1387367998,Otras Entidades Distritales,Establecimiento Públicos,Gastos de funcionamiento,Gastos generales,Adquisición de servicios,,,
CONTRALORÍA DE BOGOTÁ D.C.,21000000,-0.3,Otras Entidades Distritales,Establecimiento Públicos,Gastos de funcionamiento,Gastos generales,Otros gastos generales,,,
CONTRALORÍA DE BOGOTÁ D.C.,960000000,0.2307692308,Otras Entidades Distritales,Establecimiento Públicos,Inversión,Directa,Bogotá Humana,Una Bogotá que defiende y fortalece lo público,Bogotá Humana: participa y decide,
CONTRALORÍA DE BOGOTÁ D.C.,5166000000,-0.3003706708,Otras Entidades Distritales,Establecimiento Públicos,Inversión,Directa,Bogotá Humana,Una Bogotá que defiende y fortalece lo público,"Transparencia, probidad, lucha contra la corrupción y control social efectivo e incluyente",
